epoch,training_losses,training_recalls,validation_loss_epoch_end,validation_recall_epoch_end
1,0.83496207,0.07421875,0.54549944,0.3046875
1,1.0511639,0.0859375,0.54549944,0.3046875
1,1.0323476,0.0546875,0.54549944,0.3046875
1,1.0390322,0.15234375,0.54549944,0.3046875
1,0.97020286,0.07421875,0.54549944,0.3046875
1,0.95746297,0.12109375,0.54549944,0.3046875
1,0.91613686,0.1328125,0.54549944,0.3046875
1,0.91805595,0.109375,0.54549944,0.3046875
1,0.902129,0.07421875,0.54549944,0.3046875
1,0.87487876,0.125,0.54549944,0.3046875
1,0.871089,0.13671875,0.54549944,0.3046875
1,0.85805184,0.1484375,0.54549944,0.3046875
1,0.8326362,0.140625,0.54549944,0.3046875
1,0.81610066,0.140625,0.54549944,0.3046875
1,0.8289544,0.234375,0.54549944,0.3046875
1,0.8298388,0.078125,0.54549944,0.3046875
1,0.8167967,0.13671875,0.54549944,0.3046875
1,0.81448984,0.15625,0.54549944,0.3046875
1,0.7882538,0.1953125,0.54549944,0.3046875
1,0.7951554,0.16796875,0.54549944,0.3046875
1,0.7721253,0.2578125,0.54549944,0.3046875
1,0.8008028,0.16796875,0.54549944,0.3046875
1,0.7829696,0.171875,0.54549944,0.3046875
1,0.78307766,0.1328125,0.54549944,0.3046875
1,0.7698115,0.14453125,0.54549944,0.3046875
1,0.769256,0.21484375,0.54549944,0.3046875
1,0.7766561,0.16796875,0.54549944,0.3046875
1,0.7607896,0.1875,0.54549944,0.3046875
1,0.7542801,0.24609375,0.54549944,0.3046875
1,0.7468442,0.24609375,0.54549944,0.3046875
1,0.7556233,0.19140625,0.54549944,0.3046875
1,0.7501564,0.1796875,0.54549944,0.3046875
1,0.7426244,0.1875,0.54549944,0.3046875
1,0.7482551,0.171875,0.54549944,0.3046875
1,0.73694026,0.21875,0.54549944,0.3046875
1,0.7391973,0.19921875,0.54549944,0.3046875
1,0.74964553,0.16015625,0.54549944,0.3046875
1,0.7567583,0.14453125,0.54549944,0.3046875
1,0.7389018,0.2265625,0.54549944,0.3046875
1,0.74205387,0.19921875,0.54549944,0.3046875
1,0.7292479,0.19921875,0.54549944,0.3046875
1,0.72268975,0.24609375,0.54549944,0.3046875
1,0.74509937,0.203125,0.54549944,0.3046875
1,0.72845393,0.23046875,0.54549944,0.3046875
1,0.7261362,0.1796875,0.54549944,0.3046875
1,0.71866906,0.21484375,0.54549944,0.3046875
1,0.71119297,0.22265625,0.54549944,0.3046875
1,0.7384327,0.1796875,0.54549944,0.3046875
1,0.7242857,0.2109375,0.54549944,0.3046875
1,0.71583277,0.23046875,0.54549944,0.3046875
1,0.6942002,0.265625,0.54549944,0.3046875
1,0.72630244,0.21484375,0.54549944,0.3046875
1,0.71269995,0.19140625,0.54549944,0.3046875
1,0.72216564,0.1796875,0.54549944,0.3046875
1,0.71504015,0.203125,0.54549944,0.3046875
1,0.69817597,0.18359375,0.54549944,0.3046875
1,0.70888996,0.16015625,0.54549944,0.3046875
1,0.71193737,0.1796875,0.54549944,0.3046875
1,0.71527725,0.171875,0.54549944,0.3046875
1,0.7161022,0.1640625,0.54549944,0.3046875
1,0.7109276,0.203125,0.54549944,0.3046875
1,0.69635445,0.15625,0.54549944,0.3046875
1,0.7132544,0.21484375,0.54549944,0.3046875
1,0.7122149,0.19140625,0.54549944,0.3046875
1,0.6983867,0.2109375,0.54549944,0.3046875
1,0.6974076,0.23046875,0.54549944,0.3046875
1,0.69178396,0.265625,0.54549944,0.3046875
1,0.689126,0.2734375,0.54549944,0.3046875
1,0.6885747,0.28125,0.54549944,0.3046875
1,0.6936103,0.21484375,0.54549944,0.3046875
1,0.6919673,0.1640625,0.54549944,0.3046875
1,0.709804,0.23046875,0.54549944,0.3046875
1,0.69441426,0.26171875,0.54549944,0.3046875
1,0.6888323,0.1953125,0.54549944,0.3046875
1,0.6762253,0.3125,0.54549944,0.3046875
1,0.70159334,0.20703125,0.54549944,0.3046875
1,0.6963159,0.28125,0.54549944,0.3046875
1,0.6909342,0.171875,0.54549944,0.3046875
1,0.67663246,0.28125,0.54549944,0.3046875
1,0.6917699,0.1953125,0.54549944,0.3046875
1,0.68056715,0.2578125,0.54549944,0.3046875
1,0.6850552,0.25390625,0.54549944,0.3046875
1,0.6744514,0.2109375,0.54549944,0.3046875
1,0.6770138,0.28515625,0.54549944,0.3046875
1,0.6969293,0.15234375,0.54549944,0.3046875
1,0.68948585,0.23828125,0.54549944,0.3046875
1,0.6738635,0.23046875,0.54549944,0.3046875
1,0.6803803,0.265625,0.54549944,0.3046875
1,0.6778761,0.2890625,0.54549944,0.3046875
1,0.6890752,0.23828125,0.54549944,0.3046875
1,0.6810767,0.19921875,0.54549944,0.3046875
1,0.69503945,0.125,0.54549944,0.3046875
1,0.6801489,0.28515625,0.54549944,0.3046875
1,0.6766946,0.2421875,0.54549944,0.3046875
1,0.6648933,0.30859375,0.54549944,0.3046875
1,0.6751638,0.27734375,0.54549944,0.3046875
1,0.6746335,0.234375,0.54549944,0.3046875
1,0.66798973,0.234375,0.54549944,0.3046875
1,0.67535985,0.2265625,0.54549944,0.3046875
1,0.676954,0.26953125,0.54549944,0.3046875
1,0.6906928,0.171875,0.54549944,0.3046875
1,0.6662373,0.3125,0.54549944,0.3046875
1,0.65889347,0.3203125,0.54549944,0.3046875
1,0.67826307,0.2734375,0.54549944,0.3046875
1,0.6659039,0.25,0.54549944,0.3046875
1,0.6727204,0.234375,0.54549944,0.3046875
1,0.67711484,0.26953125,0.54549944,0.3046875
1,0.6926943,0.171875,0.54549944,0.3046875
1,0.66117734,0.25390625,0.54549944,0.3046875
1,0.66815513,0.28515625,0.54549944,0.3046875
1,0.66669434,0.2890625,0.54549944,0.3046875
1,0.67171437,0.24609375,0.54549944,0.3046875
1,0.6520404,0.3203125,0.54549944,0.3046875
1,0.6665587,0.26953125,0.54549944,0.3046875
1,0.66353756,0.265625,0.54549944,0.3046875
1,0.6600123,0.27734375,0.54549944,0.3046875
1,0.6701626,0.27734375,0.54549944,0.3046875
1,0.65483636,0.25,0.54549944,0.3046875
1,0.67152345,0.22265625,0.54549944,0.3046875
1,0.65454483,0.265625,0.54549944,0.3046875
1,0.6474,0.38671875,0.54549944,0.3046875
1,0.6605708,0.2265625,0.54549944,0.3046875
1,0.65686214,0.23828125,0.54549944,0.3046875
1,0.6609271,0.25,0.54549944,0.3046875
1,0.6631242,0.25,0.54549944,0.3046875
1,0.66372126,0.234375,0.54549944,0.3046875
1,0.6542707,0.26171875,0.54549944,0.3046875
1,0.6586199,0.24609375,0.54549944,0.3046875
1,0.67346716,0.17578125,0.54549944,0.3046875
1,0.65752715,0.26953125,0.54549944,0.3046875
1,0.6588453,0.26171875,0.54549944,0.3046875
1,0.641534,0.33984375,0.54549944,0.3046875
1,0.6423744,0.30859375,0.54549944,0.3046875
1,0.6533041,0.23046875,0.54549944,0.3046875
1,0.6547699,0.2421875,0.54549944,0.3046875
1,0.646133,0.3203125,0.54549944,0.3046875
1,0.6543184,0.2578125,0.54549944,0.3046875
1,0.65693146,0.25,0.54549944,0.3046875
1,0.64977634,0.28125,0.54549944,0.3046875
1,0.63663805,0.37109375,0.54549944,0.3046875
1,0.63482875,0.3359375,0.54549944,0.3046875
1,0.64934856,0.26953125,0.54549944,0.3046875
1,0.6549943,0.36328125,0.54549944,0.3046875
1,0.64858395,0.28125,0.54549944,0.3046875
1,0.6304944,0.3359375,0.54549944,0.3046875
1,0.6511695,0.27734375,0.54549944,0.3046875
1,0.65330946,0.24609375,0.54549944,0.3046875
1,0.6548447,0.24609375,0.54549944,0.3046875
1,0.63951904,0.25390625,0.54549944,0.3046875
1,0.647788,0.23046875,0.54549944,0.3046875
1,0.65178543,0.2109375,0.54549944,0.3046875
1,0.65775913,0.21875,0.54549944,0.3046875
1,0.6563528,0.23046875,0.54549944,0.3046875
1,0.65056074,0.19921875,0.54549944,0.3046875
1,0.63502395,0.2890625,0.54549944,0.3046875
1,0.64171183,0.26171875,0.54549944,0.3046875
1,0.65040463,0.234375,0.54549944,0.3046875
1,0.6431327,0.30859375,0.54549944,0.3046875
1,0.6503107,0.2734375,0.54549944,0.3046875
1,0.6382314,0.265625,0.54549944,0.3046875
1,0.6387979,0.2265625,0.54549944,0.3046875
1,0.6505342,0.26171875,0.54549944,0.3046875
1,0.6407145,0.2734375,0.54549944,0.3046875
1,0.6333453,0.33984375,0.54549944,0.3046875
1,0.6392411,0.3046875,0.54549944,0.3046875
1,0.63622135,0.30859375,0.54549944,0.3046875
1,0.6524328,0.26171875,0.54549944,0.3046875
1,0.64135474,0.23046875,0.54549944,0.3046875
1,0.63652855,0.2890625,0.54549944,0.3046875
1,0.62516814,0.30078125,0.54549944,0.3046875
1,0.63859695,0.30859375,0.54549944,0.3046875
1,0.640178,0.28515625,0.54549944,0.3046875
1,0.6376257,0.27734375,0.54549944,0.3046875
1,0.6526609,0.296875,0.54549944,0.3046875
1,0.6359355,0.24609375,0.54549944,0.3046875
1,0.6519618,0.20703125,0.54549944,0.3046875
1,0.63677067,0.31640625,0.54549944,0.3046875
1,0.63864744,0.2578125,0.54549944,0.3046875
1,0.6268953,0.296875,0.54549944,0.3046875
1,0.63771933,0.2578125,0.54549944,0.3046875
1,0.6322678,0.2421875,0.54549944,0.3046875
1,0.62697154,0.28125,0.54549944,0.3046875
1,0.63570154,0.2734375,0.54549944,0.3046875
1,0.6240477,0.33984375,0.54549944,0.3046875
1,0.6352216,0.2734375,0.54549944,0.3046875
1,0.6392871,0.265625,0.54549944,0.3046875
1,0.6234377,0.32421875,0.54549944,0.3046875
1,0.6252389,0.33203125,0.54549944,0.3046875
1,0.63128746,0.3125,0.54549944,0.3046875
1,0.63391525,0.28515625,0.54549944,0.3046875
1,0.6463603,0.24609375,0.54549944,0.3046875
1,0.64039177,0.27734375,0.54549944,0.3046875
1,0.6293523,0.2578125,0.54549944,0.3046875
1,0.6201162,0.32421875,0.54549944,0.3046875
1,0.6221514,0.3125,0.54549944,0.3046875
1,0.62846756,0.328125,0.54549944,0.3046875
1,0.6147585,0.40234375,0.54549944,0.3046875
1,0.636681,0.29296875,0.54549944,0.3046875
1,0.61783916,0.37890625,0.54549944,0.3046875
1,0.63450575,0.2890625,0.54549944,0.3046875
1,0.6385242,0.22265625,0.54549944,0.3046875
1,0.6288533,0.28515625,0.54549944,0.3046875
1,0.6248954,0.28515625,0.54549944,0.3046875
1,0.6230192,0.33984375,0.54549944,0.3046875
1,0.61712044,0.26171875,0.54549944,0.3046875
1,0.6279102,0.31640625,0.54549944,0.3046875
1,0.6278096,0.359375,0.54549944,0.3046875
1,0.63015026,0.3203125,0.54549944,0.3046875
1,0.61882114,0.296875,0.54549944,0.3046875
1,0.6253575,0.3203125,0.54549944,0.3046875
1,0.63347965,0.3046875,0.54549944,0.3046875
1,0.6165086,0.3125,0.54549944,0.3046875
1,0.63188404,0.21484375,0.54549944,0.3046875
1,0.6200033,0.2890625,0.54549944,0.3046875
1,0.6328697,0.32421875,0.54549944,0.3046875
1,0.6301416,0.30078125,0.54549944,0.3046875
1,0.6350111,0.28125,0.54549944,0.3046875
1,0.63170433,0.24609375,0.54549944,0.3046875
1,0.6206857,0.32421875,0.54549944,0.3046875
1,0.6227104,0.32421875,0.54549944,0.3046875
1,0.6218656,0.30859375,0.54549944,0.3046875
1,0.6270183,0.3046875,0.54549944,0.3046875
1,0.6156966,0.3203125,0.54549944,0.3046875
1,0.61888695,0.359375,0.54549944,0.3046875
1,0.6223545,0.31640625,0.54549944,0.3046875
1,0.63995665,0.23046875,0.54549944,0.3046875
1,0.6119405,0.3515625,0.54549944,0.3046875
1,0.61482954,0.36328125,0.54549944,0.3046875
1,0.6377983,0.2578125,0.54549944,0.3046875
1,0.6226635,0.27734375,0.54549944,0.3046875
1,0.62814647,0.30859375,0.54549944,0.3046875
1,0.6274894,0.21875,0.54549944,0.3046875
1,0.61216974,0.30078125,0.54549944,0.3046875
1,0.6284255,0.27734375,0.54549944,0.3046875
1,0.6152526,0.29296875,0.54549944,0.3046875
1,0.6140358,0.32421875,0.54549944,0.3046875
1,0.6111307,0.31640625,0.54549944,0.3046875
1,0.6153992,0.33984375,0.54549944,0.3046875
1,0.6208845,0.33984375,0.54549944,0.3046875
1,0.61628306,0.3125,0.54549944,0.3046875
1,0.6063546,0.36328125,0.54549944,0.3046875
1,0.61286587,0.35546875,0.54549944,0.3046875
1,0.62863225,0.2265625,0.54549944,0.3046875
1,0.62529725,0.2421875,0.54549944,0.3046875
1,0.6229752,0.30078125,0.54549944,0.3046875
1,0.6143511,0.34375,0.54549944,0.3046875
1,0.6146406,0.2734375,0.54549944,0.3046875
1,0.6158823,0.3046875,0.54549944,0.3046875
1,0.6145701,0.28125,0.54549944,0.3046875
2,0.61788327,0.32421875,0.48186016,0.3671875
2,0.61924076,0.30078125,0.48186016,0.3671875
2,0.61031425,0.296875,0.48186016,0.3671875
2,0.6152827,0.32421875,0.48186016,0.3671875
2,0.6115512,0.30078125,0.48186016,0.3671875
2,0.6155276,0.30078125,0.48186016,0.3671875
2,0.6159897,0.30078125,0.48186016,0.3671875
2,0.6115752,0.37890625,0.48186016,0.3671875
2,0.615204,0.24609375,0.48186016,0.3671875
2,0.6118144,0.40625,0.48186016,0.3671875
2,0.61884797,0.28125,0.48186016,0.3671875
2,0.6107213,0.3046875,0.48186016,0.3671875
2,0.6076592,0.31640625,0.48186016,0.3671875
2,0.61678964,0.28515625,0.48186016,0.3671875
2,0.61734575,0.3125,0.48186016,0.3671875
2,0.62018174,0.30078125,0.48186016,0.3671875
2,0.6102525,0.328125,0.48186016,0.3671875
2,0.59662396,0.36328125,0.48186016,0.3671875
2,0.6030855,0.3984375,0.48186016,0.3671875
2,0.6151158,0.33984375,0.48186016,0.3671875
2,0.6078171,0.35546875,0.48186016,0.3671875
2,0.61136955,0.359375,0.48186016,0.3671875
2,0.6095508,0.296875,0.48186016,0.3671875
2,0.6189283,0.33984375,0.48186016,0.3671875
2,0.61666554,0.28125,0.48186016,0.3671875
2,0.6117922,0.25,0.48186016,0.3671875
2,0.6097001,0.296875,0.48186016,0.3671875
2,0.5991369,0.421875,0.48186016,0.3671875
2,0.60354024,0.3125,0.48186016,0.3671875
2,0.60397804,0.3671875,0.48186016,0.3671875
2,0.61701554,0.32421875,0.48186016,0.3671875
2,0.61049545,0.35546875,0.48186016,0.3671875
2,0.6078178,0.35546875,0.48186016,0.3671875
2,0.60737187,0.3515625,0.48186016,0.3671875
2,0.61315835,0.265625,0.48186016,0.3671875
2,0.597911,0.38671875,0.48186016,0.3671875
2,0.6257079,0.2421875,0.48186016,0.3671875
2,0.6049681,0.36328125,0.48186016,0.3671875
2,0.6121438,0.36328125,0.48186016,0.3671875
2,0.60721356,0.40625,0.48186016,0.3671875
2,0.61320305,0.2734375,0.48186016,0.3671875
2,0.6083727,0.33203125,0.48186016,0.3671875
2,0.6127911,0.34765625,0.48186016,0.3671875
2,0.61134946,0.28515625,0.48186016,0.3671875
2,0.6017757,0.3203125,0.48186016,0.3671875
2,0.60896647,0.32421875,0.48186016,0.3671875
2,0.6076123,0.28125,0.48186016,0.3671875
2,0.60052645,0.30078125,0.48186016,0.3671875
2,0.6032275,0.328125,0.48186016,0.3671875
2,0.6128641,0.2890625,0.48186016,0.3671875
2,0.60897934,0.33984375,0.48186016,0.3671875
2,0.6009881,0.34765625,0.48186016,0.3671875
2,0.59701717,0.40625,0.48186016,0.3671875
2,0.61879396,0.27734375,0.48186016,0.3671875
2,0.60926247,0.34375,0.48186016,0.3671875
2,0.596449,0.3671875,0.48186016,0.3671875
2,0.6016403,0.328125,0.48186016,0.3671875
2,0.6122449,0.3125,0.48186016,0.3671875
2,0.6111683,0.29296875,0.48186016,0.3671875
2,0.60442406,0.2890625,0.48186016,0.3671875
2,0.61046463,0.3125,0.48186016,0.3671875
2,0.6068893,0.34375,0.48186016,0.3671875
2,0.60057086,0.390625,0.48186016,0.3671875
2,0.60052884,0.3125,0.48186016,0.3671875
2,0.60766035,0.29296875,0.48186016,0.3671875
2,0.6023204,0.359375,0.48186016,0.3671875
2,0.61714447,0.234375,0.48186016,0.3671875
2,0.6118569,0.25390625,0.48186016,0.3671875
2,0.606564,0.35546875,0.48186016,0.3671875
2,0.5981948,0.33203125,0.48186016,0.3671875
2,0.59753746,0.3203125,0.48186016,0.3671875
2,0.60065067,0.3125,0.48186016,0.3671875
2,0.58698463,0.4375,0.48186016,0.3671875
2,0.5963392,0.3359375,0.48186016,0.3671875
2,0.6162427,0.26171875,0.48186016,0.3671875
2,0.59551483,0.359375,0.48186016,0.3671875
2,0.61298084,0.33984375,0.48186016,0.3671875
2,0.60772866,0.3125,0.48186016,0.3671875
2,0.61009085,0.30078125,0.48186016,0.3671875
2,0.5995745,0.34765625,0.48186016,0.3671875
2,0.60105705,0.3046875,0.48186016,0.3671875
2,0.5966528,0.33984375,0.48186016,0.3671875
2,0.601687,0.41015625,0.48186016,0.3671875
2,0.59618866,0.3046875,0.48186016,0.3671875
2,0.60497886,0.30859375,0.48186016,0.3671875
2,0.5961527,0.375,0.48186016,0.3671875
2,0.60041845,0.34375,0.48186016,0.3671875
2,0.60448664,0.3359375,0.48186016,0.3671875
2,0.5999817,0.38671875,0.48186016,0.3671875
2,0.6015023,0.3046875,0.48186016,0.3671875
2,0.6055974,0.3046875,0.48186016,0.3671875
2,0.6020306,0.3515625,0.48186016,0.3671875
2,0.5955286,0.3125,0.48186016,0.3671875
2,0.5943696,0.33984375,0.48186016,0.3671875
2,0.598032,0.36328125,0.48186016,0.3671875
2,0.5977749,0.3671875,0.48186016,0.3671875
2,0.59648913,0.4140625,0.48186016,0.3671875
2,0.5988369,0.34375,0.48186016,0.3671875
2,0.60257584,0.36328125,0.48186016,0.3671875
2,0.60569614,0.265625,0.48186016,0.3671875
2,0.5900648,0.421875,0.48186016,0.3671875
2,0.60162205,0.34765625,0.48186016,0.3671875
2,0.6048411,0.35546875,0.48186016,0.3671875
2,0.5876166,0.3671875,0.48186016,0.3671875
2,0.60049087,0.359375,0.48186016,0.3671875
2,0.60333115,0.34765625,0.48186016,0.3671875
2,0.5938851,0.37109375,0.48186016,0.3671875
2,0.59286785,0.3515625,0.48186016,0.3671875
2,0.6010505,0.28125,0.48186016,0.3671875
2,0.6019054,0.30078125,0.48186016,0.3671875
2,0.6000153,0.33984375,0.48186016,0.3671875
2,0.5976948,0.34375,0.48186016,0.3671875
2,0.60814726,0.2421875,0.48186016,0.3671875
2,0.59748185,0.2734375,0.48186016,0.3671875
2,0.5983785,0.359375,0.48186016,0.3671875
2,0.5934478,0.39453125,0.48186016,0.3671875
2,0.58786064,0.4375,0.48186016,0.3671875
2,0.59048843,0.4296875,0.48186016,0.3671875
2,0.59841216,0.35546875,0.48186016,0.3671875
2,0.59496605,0.3671875,0.48186016,0.3671875
2,0.6032208,0.2578125,0.48186016,0.3671875
2,0.59685546,0.35546875,0.48186016,0.3671875
2,0.5919471,0.35546875,0.48186016,0.3671875
2,0.5974183,0.328125,0.48186016,0.3671875
2,0.59472126,0.37890625,0.48186016,0.3671875
2,0.60557926,0.28125,0.48186016,0.3671875
2,0.5882285,0.359375,0.48186016,0.3671875
2,0.58012104,0.4609375,0.48186016,0.3671875
2,0.5963691,0.36328125,0.48186016,0.3671875
2,0.60588264,0.2734375,0.48186016,0.3671875
2,0.5976302,0.34375,0.48186016,0.3671875
2,0.58068794,0.48828125,0.48186016,0.3671875
2,0.6018893,0.3203125,0.48186016,0.3671875
2,0.5949464,0.3828125,0.48186016,0.3671875
2,0.5971779,0.34765625,0.48186016,0.3671875
2,0.59919465,0.34765625,0.48186016,0.3671875
2,0.5927121,0.34375,0.48186016,0.3671875
2,0.5971227,0.32421875,0.48186016,0.3671875
2,0.5876573,0.44921875,0.48186016,0.3671875
2,0.5966957,0.29296875,0.48186016,0.3671875
2,0.58817947,0.35546875,0.48186016,0.3671875
2,0.58303356,0.390625,0.48186016,0.3671875
2,0.5995701,0.35546875,0.48186016,0.3671875
2,0.5954283,0.34375,0.48186016,0.3671875
2,0.5930852,0.3515625,0.48186016,0.3671875
2,0.59105295,0.41015625,0.48186016,0.3671875
2,0.5882823,0.3828125,0.48186016,0.3671875
2,0.5865811,0.41796875,0.48186016,0.3671875
2,0.5914584,0.33984375,0.48186016,0.3671875
2,0.58330435,0.38671875,0.48186016,0.3671875
2,0.58525515,0.2890625,0.48186016,0.3671875
2,0.59386116,0.35546875,0.48186016,0.3671875
2,0.5840019,0.41796875,0.48186016,0.3671875
2,0.5936999,0.33984375,0.48186016,0.3671875
2,0.5875915,0.4296875,0.48186016,0.3671875
2,0.58706653,0.4296875,0.48186016,0.3671875
2,0.5824813,0.36328125,0.48186016,0.3671875
2,0.5879706,0.37109375,0.48186016,0.3671875
2,0.5799044,0.4140625,0.48186016,0.3671875
2,0.5842209,0.37890625,0.48186016,0.3671875
2,0.5894236,0.28125,0.48186016,0.3671875
2,0.59921795,0.3046875,0.48186016,0.3671875
2,0.5958591,0.34375,0.48186016,0.3671875
2,0.5899248,0.32421875,0.48186016,0.3671875
2,0.5941903,0.34375,0.48186016,0.3671875
2,0.5843555,0.41796875,0.48186016,0.3671875
2,0.59563446,0.37890625,0.48186016,0.3671875
2,0.58573544,0.3671875,0.48186016,0.3671875
2,0.58252686,0.40234375,0.48186016,0.3671875
2,0.59414047,0.41015625,0.48186016,0.3671875
2,0.606058,0.33203125,0.48186016,0.3671875
2,0.5828185,0.421875,0.48186016,0.3671875
2,0.58494055,0.3671875,0.48186016,0.3671875
2,0.59848565,0.31640625,0.48186016,0.3671875
2,0.58544976,0.3984375,0.48186016,0.3671875
2,0.5890706,0.328125,0.48186016,0.3671875
2,0.58500844,0.3828125,0.48186016,0.3671875
2,0.5845175,0.40234375,0.48186016,0.3671875
2,0.5888691,0.375,0.48186016,0.3671875
2,0.5827445,0.4296875,0.48186016,0.3671875
2,0.5866641,0.359375,0.48186016,0.3671875
2,0.5822671,0.45703125,0.48186016,0.3671875
2,0.5851044,0.4296875,0.48186016,0.3671875
2,0.5841972,0.33984375,0.48186016,0.3671875
2,0.59000117,0.390625,0.48186016,0.3671875
2,0.5840848,0.390625,0.48186016,0.3671875
2,0.5928101,0.3828125,0.48186016,0.3671875
2,0.5875867,0.328125,0.48186016,0.3671875
2,0.5858138,0.375,0.48186016,0.3671875
2,0.5938813,0.36328125,0.48186016,0.3671875
2,0.5852529,0.37890625,0.48186016,0.3671875
2,0.5907615,0.328125,0.48186016,0.3671875
2,0.5793411,0.453125,0.48186016,0.3671875
2,0.5803925,0.43359375,0.48186016,0.3671875
2,0.5971097,0.34375,0.48186016,0.3671875
2,0.58832294,0.34765625,0.48186016,0.3671875
2,0.59362763,0.29296875,0.48186016,0.3671875
2,0.58171093,0.37109375,0.48186016,0.3671875
2,0.5831145,0.4453125,0.48186016,0.3671875
2,0.583415,0.37109375,0.48186016,0.3671875
2,0.584834,0.453125,0.48186016,0.3671875
2,0.58568656,0.37109375,0.48186016,0.3671875
2,0.5860977,0.3984375,0.48186016,0.3671875
2,0.5816142,0.44921875,0.48186016,0.3671875
2,0.58156544,0.46484375,0.48186016,0.3671875
2,0.5863184,0.33984375,0.48186016,0.3671875
2,0.57254314,0.40625,0.48186016,0.3671875
2,0.5789954,0.41015625,0.48186016,0.3671875
2,0.58087194,0.38671875,0.48186016,0.3671875
2,0.5818032,0.4140625,0.48186016,0.3671875
2,0.59744316,0.2890625,0.48186016,0.3671875
2,0.6037306,0.26953125,0.48186016,0.3671875
2,0.57207215,0.44140625,0.48186016,0.3671875
2,0.57876575,0.42578125,0.48186016,0.3671875
2,0.59351283,0.26171875,0.48186016,0.3671875
2,0.5878584,0.34765625,0.48186016,0.3671875
2,0.58784336,0.33984375,0.48186016,0.3671875
2,0.5844385,0.421875,0.48186016,0.3671875
2,0.5757667,0.46875,0.48186016,0.3671875
2,0.58261025,0.4609375,0.48186016,0.3671875
2,0.5822957,0.4140625,0.48186016,0.3671875
2,0.58050716,0.4140625,0.48186016,0.3671875
2,0.57898325,0.3828125,0.48186016,0.3671875
2,0.58372056,0.37109375,0.48186016,0.3671875
2,0.5934368,0.34375,0.48186016,0.3671875
2,0.5896832,0.3828125,0.48186016,0.3671875
2,0.5821348,0.375,0.48186016,0.3671875
2,0.5880545,0.31640625,0.48186016,0.3671875
2,0.5956868,0.27734375,0.48186016,0.3671875
2,0.5971855,0.30078125,0.48186016,0.3671875
2,0.5768158,0.35546875,0.48186016,0.3671875
2,0.5873071,0.29296875,0.48186016,0.3671875
2,0.574904,0.40625,0.48186016,0.3671875
2,0.5796337,0.453125,0.48186016,0.3671875
2,0.5841073,0.375,0.48186016,0.3671875
2,0.5829521,0.3515625,0.48186016,0.3671875
2,0.58432394,0.3359375,0.48186016,0.3671875
2,0.579446,0.42578125,0.48186016,0.3671875
2,0.58163804,0.39453125,0.48186016,0.3671875
2,0.5870089,0.32421875,0.48186016,0.3671875
2,0.5788231,0.37890625,0.48186016,0.3671875
2,0.58085483,0.46875,0.48186016,0.3671875
2,0.5779463,0.34375,0.48186016,0.3671875
2,0.57673997,0.40625,0.48186016,0.3671875
2,0.5797321,0.421875,0.48186016,0.3671875
2,0.5774444,0.46484375,0.48186016,0.3671875
2,0.58545876,0.28515625,0.48186016,0.3671875
2,0.5746028,0.390625,0.48186016,0.3671875
2,0.57299083,0.38671875,0.48186016,0.3671875
3,0.5860296,0.38671875,0.48721272,0.3515625
3,0.5887777,0.41796875,0.48721272,0.3515625
3,0.58411133,0.3828125,0.48721272,0.3515625
3,0.57680875,0.4140625,0.48721272,0.3515625
3,0.5795565,0.37890625,0.48721272,0.3515625
3,0.5934289,0.3046875,0.48721272,0.3515625
3,0.57809204,0.4296875,0.48721272,0.3515625
3,0.5703014,0.45703125,0.48721272,0.3515625
3,0.582619,0.421875,0.48721272,0.3515625
3,0.5762982,0.36328125,0.48721272,0.3515625
3,0.57619804,0.41015625,0.48721272,0.3515625
3,0.58595467,0.35546875,0.48721272,0.3515625
3,0.593424,0.26171875,0.48721272,0.3515625
3,0.5687248,0.4140625,0.48721272,0.3515625
3,0.5795312,0.4140625,0.48721272,0.3515625
3,0.5823283,0.34765625,0.48721272,0.3515625
3,0.5746656,0.46484375,0.48721272,0.3515625
3,0.58358395,0.36328125,0.48721272,0.3515625
3,0.57626617,0.359375,0.48721272,0.3515625
3,0.57683665,0.3828125,0.48721272,0.3515625
3,0.5790767,0.40234375,0.48721272,0.3515625
3,0.5792375,0.41015625,0.48721272,0.3515625
3,0.58976746,0.30078125,0.48721272,0.3515625
3,0.5805518,0.34375,0.48721272,0.3515625
3,0.57729274,0.46484375,0.48721272,0.3515625
3,0.57313144,0.41796875,0.48721272,0.3515625
3,0.58324146,0.296875,0.48721272,0.3515625
3,0.58598614,0.32421875,0.48721272,0.3515625
3,0.5775264,0.3828125,0.48721272,0.3515625
3,0.58468074,0.33984375,0.48721272,0.3515625
3,0.579749,0.3984375,0.48721272,0.3515625
3,0.5876098,0.40625,0.48721272,0.3515625
3,0.56435674,0.48046875,0.48721272,0.3515625
3,0.57221854,0.41015625,0.48721272,0.3515625
3,0.5695626,0.46875,0.48721272,0.3515625
3,0.5762593,0.46875,0.48721272,0.3515625
3,0.5907301,0.30859375,0.48721272,0.3515625
3,0.5848543,0.43359375,0.48721272,0.3515625
3,0.57787716,0.359375,0.48721272,0.3515625
3,0.5690569,0.47265625,0.48721272,0.3515625
3,0.5800325,0.34765625,0.48721272,0.3515625
3,0.5686676,0.44921875,0.48721272,0.3515625
3,0.5749043,0.3828125,0.48721272,0.3515625
3,0.5761452,0.33203125,0.48721272,0.3515625
3,0.57175153,0.39453125,0.48721272,0.3515625
3,0.5774108,0.375,0.48721272,0.3515625
3,0.5796547,0.35546875,0.48721272,0.3515625
3,0.58666474,0.33984375,0.48721272,0.3515625
3,0.58420706,0.33984375,0.48721272,0.3515625
3,0.58057064,0.30078125,0.48721272,0.3515625
3,0.5803553,0.3828125,0.48721272,0.3515625
3,0.58772486,0.3203125,0.48721272,0.3515625
3,0.5697888,0.43359375,0.48721272,0.3515625
3,0.572886,0.41796875,0.48721272,0.3515625
3,0.5764285,0.33984375,0.48721272,0.3515625
3,0.58310497,0.296875,0.48721272,0.3515625
3,0.5710098,0.41796875,0.48721272,0.3515625
3,0.5748307,0.3984375,0.48721272,0.3515625
3,0.5776615,0.3515625,0.48721272,0.3515625
3,0.57472146,0.328125,0.48721272,0.3515625
3,0.577486,0.36328125,0.48721272,0.3515625
3,0.57799464,0.359375,0.48721272,0.3515625
3,0.58171093,0.3828125,0.48721272,0.3515625
3,0.57052046,0.51171875,0.48721272,0.3515625
3,0.55759823,0.5078125,0.48721272,0.3515625
3,0.57047427,0.39453125,0.48721272,0.3515625
3,0.57839966,0.390625,0.48721272,0.3515625
3,0.57732534,0.4296875,0.48721272,0.3515625
3,0.58353984,0.3359375,0.48721272,0.3515625
3,0.57670075,0.4296875,0.48721272,0.3515625
3,0.5635789,0.4296875,0.48721272,0.3515625
3,0.5657962,0.453125,0.48721272,0.3515625
3,0.57108265,0.4140625,0.48721272,0.3515625
3,0.58335084,0.3828125,0.48721272,0.3515625
3,0.5619503,0.4921875,0.48721272,0.3515625
3,0.5720255,0.4140625,0.48721272,0.3515625
3,0.57110405,0.34375,0.48721272,0.3515625
3,0.5732621,0.41015625,0.48721272,0.3515625
3,0.5808607,0.37109375,0.48721272,0.3515625
3,0.58462673,0.37890625,0.48721272,0.3515625
3,0.5749106,0.421875,0.48721272,0.3515625
3,0.57437855,0.390625,0.48721272,0.3515625
3,0.5753563,0.34765625,0.48721272,0.3515625
3,0.5820187,0.33984375,0.48721272,0.3515625
3,0.57142913,0.41015625,0.48721272,0.3515625
3,0.5794793,0.4140625,0.48721272,0.3515625
3,0.5757066,0.43359375,0.48721272,0.3515625
3,0.58242357,0.359375,0.48721272,0.3515625
3,0.5783223,0.3359375,0.48721272,0.3515625
3,0.57317764,0.40625,0.48721272,0.3515625
3,0.574335,0.41015625,0.48721272,0.3515625
3,0.57477,0.44140625,0.48721272,0.3515625
3,0.56173456,0.453125,0.48721272,0.3515625
3,0.56878144,0.4375,0.48721272,0.3515625
3,0.5735998,0.3984375,0.48721272,0.3515625
3,0.58673316,0.390625,0.48721272,0.3515625
3,0.57230026,0.40625,0.48721272,0.3515625
3,0.57749707,0.3359375,0.48721272,0.3515625
3,0.5734351,0.35546875,0.48721272,0.3515625
3,0.57906055,0.33984375,0.48721272,0.3515625
3,0.5704541,0.39453125,0.48721272,0.3515625
3,0.57719517,0.390625,0.48721272,0.3515625
3,0.5732625,0.4140625,0.48721272,0.3515625
3,0.5643733,0.39453125,0.48721272,0.3515625
3,0.57081634,0.38671875,0.48721272,0.3515625
3,0.5705225,0.39453125,0.48721272,0.3515625
3,0.5730515,0.328125,0.48721272,0.3515625
3,0.57903165,0.30078125,0.48721272,0.3515625
3,0.5713462,0.44921875,0.48721272,0.3515625
3,0.56400424,0.44921875,0.48721272,0.3515625
3,0.5683087,0.421875,0.48721272,0.3515625
3,0.571597,0.41796875,0.48721272,0.3515625
3,0.5742821,0.40234375,0.48721272,0.3515625
3,0.56462747,0.453125,0.48721272,0.3515625
3,0.5724581,0.43359375,0.48721272,0.3515625
3,0.57722723,0.3984375,0.48721272,0.3515625
3,0.57923454,0.40234375,0.48721272,0.3515625
3,0.5748554,0.3984375,0.48721272,0.3515625
3,0.5771146,0.44140625,0.48721272,0.3515625
3,0.5825003,0.390625,0.48721272,0.3515625
3,0.55812055,0.51953125,0.48721272,0.3515625
3,0.576416,0.3984375,0.48721272,0.3515625
3,0.5716534,0.3828125,0.48721272,0.3515625
3,0.56813866,0.35546875,0.48721272,0.3515625
3,0.58318776,0.3671875,0.48721272,0.3515625
3,0.57551974,0.36328125,0.48721272,0.3515625
3,0.57110894,0.40234375,0.48721272,0.3515625
3,0.58413464,0.3046875,0.48721272,0.3515625
3,0.57312536,0.421875,0.48721272,0.3515625
3,0.5720109,0.33984375,0.48721272,0.3515625
3,0.56471694,0.46875,0.48721272,0.3515625
3,0.55837166,0.45703125,0.48721272,0.3515625
3,0.573783,0.37109375,0.48721272,0.3515625
3,0.57427615,0.39453125,0.48721272,0.3515625
3,0.5631839,0.4375,0.48721272,0.3515625
3,0.5634963,0.41015625,0.48721272,0.3515625
3,0.57123846,0.41015625,0.48721272,0.3515625
3,0.58551425,0.35546875,0.48721272,0.3515625
3,0.56993574,0.44921875,0.48721272,0.3515625
3,0.5708114,0.3671875,0.48721272,0.3515625
3,0.5710432,0.37109375,0.48721272,0.3515625
3,0.5748521,0.3984375,0.48721272,0.3515625
3,0.5853563,0.33203125,0.48721272,0.3515625
3,0.57125175,0.4296875,0.48721272,0.3515625
3,0.58479893,0.375,0.48721272,0.3515625
3,0.57283336,0.42578125,0.48721272,0.3515625
3,0.5754122,0.38671875,0.48721272,0.3515625
3,0.5795059,0.3515625,0.48721272,0.3515625
3,0.5863636,0.30859375,0.48721272,0.3515625
3,0.5791378,0.359375,0.48721272,0.3515625
3,0.57420814,0.37890625,0.48721272,0.3515625
3,0.57377094,0.37890625,0.48721272,0.3515625
3,0.5704174,0.44140625,0.48721272,0.3515625
3,0.5715818,0.40234375,0.48721272,0.3515625
3,0.5644807,0.37109375,0.48721272,0.3515625
3,0.5658397,0.453125,0.48721272,0.3515625
3,0.5711356,0.39453125,0.48721272,0.3515625
3,0.5774625,0.33203125,0.48721272,0.3515625
3,0.56759423,0.36328125,0.48721272,0.3515625
3,0.5721302,0.39453125,0.48721272,0.3515625
3,0.57223976,0.41015625,0.48721272,0.3515625
3,0.57144445,0.4453125,0.48721272,0.3515625
3,0.57884365,0.359375,0.48721272,0.3515625
3,0.5704011,0.39453125,0.48721272,0.3515625
3,0.5776457,0.34765625,0.48721272,0.3515625
3,0.5712104,0.359375,0.48721272,0.3515625
3,0.57383806,0.33203125,0.48721272,0.3515625
3,0.5732899,0.43359375,0.48721272,0.3515625
3,0.57500833,0.34375,0.48721272,0.3515625
3,0.55766577,0.45703125,0.48721272,0.3515625
3,0.5585284,0.48046875,0.48721272,0.3515625
3,0.5659015,0.36328125,0.48721272,0.3515625
3,0.57050437,0.421875,0.48721272,0.3515625
3,0.5581929,0.47265625,0.48721272,0.3515625
3,0.5627065,0.4375,0.48721272,0.3515625
3,0.56617445,0.37890625,0.48721272,0.3515625
3,0.55827534,0.4609375,0.48721272,0.3515625
3,0.57659787,0.3046875,0.48721272,0.3515625
3,0.57131994,0.40234375,0.48721272,0.3515625
3,0.5736013,0.3671875,0.48721272,0.3515625
3,0.5647629,0.4609375,0.48721272,0.3515625
3,0.5720655,0.39453125,0.48721272,0.3515625
3,0.5547013,0.5,0.48721272,0.3515625
3,0.5699126,0.41796875,0.48721272,0.3515625
3,0.5721211,0.359375,0.48721272,0.3515625
3,0.5788535,0.296875,0.48721272,0.3515625
3,0.5715133,0.37109375,0.48721272,0.3515625
3,0.5731741,0.3203125,0.48721272,0.3515625
3,0.57129854,0.40234375,0.48721272,0.3515625
3,0.57061595,0.40625,0.48721272,0.3515625
3,0.55940175,0.45703125,0.48721272,0.3515625
3,0.5550193,0.515625,0.48721272,0.3515625
3,0.56388247,0.44140625,0.48721272,0.3515625
3,0.56568575,0.41796875,0.48721272,0.3515625
3,0.56282043,0.44921875,0.48721272,0.3515625
3,0.5688583,0.4140625,0.48721272,0.3515625
3,0.5753544,0.43359375,0.48721272,0.3515625
3,0.5724311,0.36328125,0.48721272,0.3515625
3,0.5632526,0.42578125,0.48721272,0.3515625
3,0.5775055,0.3515625,0.48721272,0.3515625
3,0.56446534,0.40625,0.48721272,0.3515625
3,0.56609106,0.37890625,0.48721272,0.3515625
3,0.5756981,0.32421875,0.48721272,0.3515625
3,0.5666932,0.36328125,0.48721272,0.3515625
3,0.56574935,0.44921875,0.48721272,0.3515625
3,0.57516706,0.33984375,0.48721272,0.3515625
3,0.55798596,0.52734375,0.48721272,0.3515625
3,0.5670243,0.41796875,0.48721272,0.3515625
3,0.5524288,0.54296875,0.48721272,0.3515625
3,0.56535333,0.421875,0.48721272,0.3515625
3,0.56322765,0.4296875,0.48721272,0.3515625
3,0.56323594,0.4375,0.48721272,0.3515625
3,0.5587986,0.46875,0.48721272,0.3515625
3,0.55929667,0.37890625,0.48721272,0.3515625
3,0.5710367,0.45703125,0.48721272,0.3515625
3,0.5755926,0.3359375,0.48721272,0.3515625
3,0.558839,0.4609375,0.48721272,0.3515625
3,0.5609794,0.4609375,0.48721272,0.3515625
3,0.5667418,0.421875,0.48721272,0.3515625
3,0.5736851,0.34765625,0.48721272,0.3515625
3,0.56647974,0.37109375,0.48721272,0.3515625
3,0.5583252,0.484375,0.48721272,0.3515625
3,0.57992,0.33984375,0.48721272,0.3515625
3,0.5604908,0.453125,0.48721272,0.3515625
3,0.55667114,0.5078125,0.48721272,0.3515625
3,0.57417697,0.3984375,0.48721272,0.3515625
3,0.557507,0.46484375,0.48721272,0.3515625
3,0.56370705,0.3984375,0.48721272,0.3515625
3,0.5625442,0.3984375,0.48721272,0.3515625
3,0.5592975,0.4453125,0.48721272,0.3515625
3,0.5626987,0.4375,0.48721272,0.3515625
3,0.5670511,0.45703125,0.48721272,0.3515625
3,0.5568437,0.453125,0.48721272,0.3515625
3,0.5672042,0.41015625,0.48721272,0.3515625
3,0.5621994,0.39453125,0.48721272,0.3515625
3,0.5701155,0.3359375,0.48721272,0.3515625
3,0.5588331,0.4609375,0.48721272,0.3515625
3,0.57033885,0.3671875,0.48721272,0.3515625
3,0.5594691,0.45703125,0.48721272,0.3515625
3,0.56709075,0.37109375,0.48721272,0.3515625
3,0.56134766,0.42578125,0.48721272,0.3515625
3,0.56686246,0.3828125,0.48721272,0.3515625
3,0.56387013,0.42578125,0.48721272,0.3515625
3,0.5585902,0.46484375,0.48721272,0.3515625
3,0.5702613,0.34375,0.48721272,0.3515625
3,0.57073444,0.4296875,0.48721272,0.3515625
3,0.5613984,0.4765625,0.48721272,0.3515625
3,0.5569763,0.453125,0.48721272,0.3515625
3,0.5591363,0.49609375,0.48721272,0.3515625
4,0.5685241,0.328125,0.4694172,0.390625
4,0.56624514,0.4609375,0.4694172,0.390625
4,0.56521964,0.4375,0.4694172,0.390625
4,0.5680906,0.41015625,0.4694172,0.390625
4,0.5699521,0.43359375,0.4694172,0.390625
4,0.5683509,0.359375,0.4694172,0.390625
4,0.5675879,0.4609375,0.4694172,0.390625
4,0.5603026,0.41015625,0.4694172,0.390625
4,0.55928904,0.4375,0.4694172,0.390625
4,0.5650851,0.43359375,0.4694172,0.390625
4,0.5633684,0.39453125,0.4694172,0.390625
4,0.5601303,0.453125,0.4694172,0.390625
4,0.55963844,0.43359375,0.4694172,0.390625
4,0.56423837,0.38671875,0.4694172,0.390625
4,0.56126106,0.48828125,0.4694172,0.390625
4,0.5581195,0.47265625,0.4694172,0.390625
4,0.5591253,0.44140625,0.4694172,0.390625
4,0.5569224,0.47265625,0.4694172,0.390625
4,0.55700874,0.453125,0.4694172,0.390625
4,0.5717745,0.35546875,0.4694172,0.390625
4,0.5691896,0.3515625,0.4694172,0.390625
4,0.5611433,0.4375,0.4694172,0.390625
4,0.5552895,0.40234375,0.4694172,0.390625
4,0.56380457,0.40625,0.4694172,0.390625
4,0.55601245,0.4375,0.4694172,0.390625
4,0.5690216,0.375,0.4694172,0.390625
4,0.56139296,0.47265625,0.4694172,0.390625
4,0.5600063,0.4375,0.4694172,0.390625
4,0.56870633,0.359375,0.4694172,0.390625
4,0.5776333,0.31640625,0.4694172,0.390625
4,0.56122345,0.40234375,0.4694172,0.390625
4,0.5574934,0.40234375,0.4694172,0.390625
4,0.5642108,0.39453125,0.4694172,0.390625
4,0.55477536,0.43359375,0.4694172,0.390625
4,0.5698825,0.36328125,0.4694172,0.390625
4,0.56591517,0.35546875,0.4694172,0.390625
4,0.55841935,0.4375,0.4694172,0.390625
4,0.5671045,0.375,0.4694172,0.390625
4,0.56470734,0.4140625,0.4694172,0.390625
4,0.56549925,0.40234375,0.4694172,0.390625
4,0.56244427,0.390625,0.4694172,0.390625
4,0.55825037,0.4140625,0.4694172,0.390625
4,0.5641576,0.359375,0.4694172,0.390625
4,0.55368286,0.5,0.4694172,0.390625
4,0.56029356,0.390625,0.4694172,0.390625
4,0.568455,0.36328125,0.4694172,0.390625
4,0.5564966,0.47265625,0.4694172,0.390625
4,0.5465745,0.55859375,0.4694172,0.390625
4,0.5589523,0.41796875,0.4694172,0.390625
4,0.5684673,0.35546875,0.4694172,0.390625
4,0.5617299,0.421875,0.4694172,0.390625
4,0.5702032,0.3671875,0.4694172,0.390625
4,0.5556213,0.484375,0.4694172,0.390625
4,0.5533041,0.453125,0.4694172,0.390625
4,0.5565081,0.4765625,0.4694172,0.390625
4,0.5680224,0.40234375,0.4694172,0.390625
4,0.55273116,0.546875,0.4694172,0.390625
4,0.5491464,0.51171875,0.4694172,0.390625
4,0.5533609,0.4765625,0.4694172,0.390625
4,0.5618685,0.44140625,0.4694172,0.390625
4,0.5704945,0.40625,0.4694172,0.390625
4,0.5586212,0.4453125,0.4694172,0.390625
4,0.55246574,0.4140625,0.4694172,0.390625
4,0.5525651,0.484375,0.4694172,0.390625
4,0.55307776,0.49609375,0.4694172,0.390625
4,0.5688231,0.359375,0.4694172,0.390625
4,0.5521134,0.46484375,0.4694172,0.390625
4,0.5643353,0.41796875,0.4694172,0.390625
4,0.5593859,0.46875,0.4694172,0.390625
4,0.56045425,0.484375,0.4694172,0.390625
4,0.5613661,0.3984375,0.4694172,0.390625
4,0.5542822,0.51171875,0.4694172,0.390625
4,0.55374485,0.5,0.4694172,0.390625
4,0.5523096,0.4921875,0.4694172,0.390625
4,0.55618346,0.41796875,0.4694172,0.390625
4,0.56048393,0.421875,0.4694172,0.390625
4,0.5640456,0.38671875,0.4694172,0.390625
4,0.5653818,0.38671875,0.4694172,0.390625
4,0.56344074,0.4296875,0.4694172,0.390625
4,0.55548084,0.46875,0.4694172,0.390625
4,0.5645545,0.41796875,0.4694172,0.390625
4,0.56146926,0.3828125,0.4694172,0.390625
4,0.5696719,0.36328125,0.4694172,0.390625
4,0.562117,0.4375,0.4694172,0.390625
4,0.55387723,0.453125,0.4694172,0.390625
4,0.5596136,0.4453125,0.4694172,0.390625
4,0.56835824,0.375,0.4694172,0.390625
4,0.56165504,0.4296875,0.4694172,0.390625
4,0.5576577,0.4453125,0.4694172,0.390625
4,0.5527354,0.47265625,0.4694172,0.390625
4,0.56011146,0.44140625,0.4694172,0.390625
4,0.56231344,0.4453125,0.4694172,0.390625
4,0.54457384,0.5390625,0.4694172,0.390625
4,0.553974,0.48828125,0.4694172,0.390625
4,0.56615925,0.41796875,0.4694172,0.390625
4,0.55889815,0.47265625,0.4694172,0.390625
4,0.5529069,0.51953125,0.4694172,0.390625
4,0.56126404,0.39453125,0.4694172,0.390625
4,0.5594478,0.3984375,0.4694172,0.390625
4,0.55722946,0.46875,0.4694172,0.390625
4,0.55561745,0.49609375,0.4694172,0.390625
4,0.5659399,0.4140625,0.4694172,0.390625
4,0.5514061,0.49609375,0.4694172,0.390625
4,0.55106485,0.515625,0.4694172,0.390625
4,0.55275935,0.4609375,0.4694172,0.390625
4,0.5642775,0.41015625,0.4694172,0.390625
4,0.55043423,0.44140625,0.4694172,0.390625
4,0.55507654,0.42578125,0.4694172,0.390625
4,0.5611598,0.4375,0.4694172,0.390625
4,0.55951875,0.47265625,0.4694172,0.390625
4,0.5617374,0.4140625,0.4694172,0.390625
4,0.54627484,0.5703125,0.4694172,0.390625
4,0.5636525,0.40625,0.4694172,0.390625
4,0.5467667,0.5234375,0.4694172,0.390625
4,0.54561836,0.51953125,0.4694172,0.390625
4,0.55919045,0.453125,0.4694172,0.390625
4,0.5684342,0.359375,0.4694172,0.390625
4,0.5547867,0.453125,0.4694172,0.390625
4,0.55159277,0.49609375,0.4694172,0.390625
4,0.55005294,0.47265625,0.4694172,0.390625
4,0.55755997,0.42578125,0.4694172,0.390625
4,0.5598096,0.45703125,0.4694172,0.390625
4,0.56745243,0.390625,0.4694172,0.390625
4,0.55961365,0.44140625,0.4694172,0.390625
4,0.5609378,0.43359375,0.4694172,0.390625
4,0.56172544,0.4609375,0.4694172,0.390625
4,0.5618741,0.3984375,0.4694172,0.390625
4,0.5588503,0.43359375,0.4694172,0.390625
4,0.5624476,0.40234375,0.4694172,0.390625
4,0.55837923,0.46484375,0.4694172,0.390625
4,0.5619535,0.4609375,0.4694172,0.390625
4,0.5665651,0.41015625,0.4694172,0.390625
4,0.5579604,0.37890625,0.4694172,0.390625
4,0.54923934,0.52734375,0.4694172,0.390625
4,0.5528938,0.55078125,0.4694172,0.390625
4,0.56242085,0.421875,0.4694172,0.390625
4,0.5600495,0.4609375,0.4694172,0.390625
4,0.5582466,0.41796875,0.4694172,0.390625
4,0.5539605,0.46484375,0.4694172,0.390625
4,0.5661407,0.41796875,0.4694172,0.390625
4,0.56145793,0.4765625,0.4694172,0.390625
4,0.5668673,0.34765625,0.4694172,0.390625
4,0.55402595,0.36328125,0.4694172,0.390625
4,0.55646515,0.42578125,0.4694172,0.390625
4,0.5536948,0.43359375,0.4694172,0.390625
4,0.55970204,0.39453125,0.4694172,0.390625
4,0.5663117,0.37890625,0.4694172,0.390625
4,0.55409354,0.51171875,0.4694172,0.390625
4,0.5550003,0.4609375,0.4694172,0.390625
4,0.5580014,0.4296875,0.4694172,0.390625
4,0.55477583,0.46875,0.4694172,0.390625
4,0.5636767,0.3828125,0.4694172,0.390625
4,0.5579123,0.4921875,0.4694172,0.390625
4,0.55074936,0.41796875,0.4694172,0.390625
4,0.56503695,0.40625,0.4694172,0.390625
4,0.5487003,0.47265625,0.4694172,0.390625
4,0.5622123,0.39453125,0.4694172,0.390625
4,0.56655496,0.40234375,0.4694172,0.390625
4,0.56396407,0.37890625,0.4694172,0.390625
4,0.5582487,0.40234375,0.4694172,0.390625
4,0.5614108,0.375,0.4694172,0.390625
4,0.5558248,0.43359375,0.4694172,0.390625
4,0.54761523,0.4921875,0.4694172,0.390625
4,0.55074656,0.44921875,0.4694172,0.390625
4,0.55128866,0.46875,0.4694172,0.390625
4,0.5574886,0.44921875,0.4694172,0.390625
4,0.5529765,0.4609375,0.4694172,0.390625
4,0.55413395,0.453125,0.4694172,0.390625
4,0.5527222,0.5234375,0.4694172,0.390625
4,0.56464285,0.37890625,0.4694172,0.390625
4,0.5460424,0.5078125,0.4694172,0.390625
4,0.55847514,0.4375,0.4694172,0.390625
4,0.549591,0.50390625,0.4694172,0.390625
4,0.56031543,0.4296875,0.4694172,0.390625
4,0.5589464,0.375,0.4694172,0.390625
4,0.54676354,0.546875,0.4694172,0.390625
4,0.55486137,0.47265625,0.4694172,0.390625
4,0.5565481,0.453125,0.4694172,0.390625
4,0.5553435,0.4453125,0.4694172,0.390625
4,0.5564612,0.4296875,0.4694172,0.390625
4,0.5568679,0.4609375,0.4694172,0.390625
4,0.55149883,0.4765625,0.4694172,0.390625
4,0.5447794,0.5390625,0.4694172,0.390625
4,0.5492977,0.4609375,0.4694172,0.390625
4,0.54564095,0.51953125,0.4694172,0.390625
4,0.54637957,0.50390625,0.4694172,0.390625
4,0.5555946,0.43359375,0.4694172,0.390625
4,0.5610453,0.390625,0.4694172,0.390625
4,0.549461,0.4453125,0.4694172,0.390625
4,0.5563567,0.42578125,0.4694172,0.390625
4,0.5456823,0.52734375,0.4694172,0.390625
4,0.5733137,0.34375,0.4694172,0.390625
4,0.5573289,0.5,0.4694172,0.390625
4,0.55392724,0.46875,0.4694172,0.390625
4,0.54934,0.4921875,0.4694172,0.390625
4,0.56495756,0.3515625,0.4694172,0.390625
4,0.55826,0.38671875,0.4694172,0.390625
4,0.5468287,0.5546875,0.4694172,0.390625
4,0.53719443,0.578125,0.4694172,0.390625
4,0.56324613,0.390625,0.4694172,0.390625
4,0.5553965,0.4453125,0.4694172,0.390625
4,0.56794393,0.4453125,0.4694172,0.390625
4,0.54717827,0.50390625,0.4694172,0.390625
4,0.55061704,0.484375,0.4694172,0.390625
4,0.543579,0.5703125,0.4694172,0.390625
4,0.55253977,0.45703125,0.4694172,0.390625
4,0.5564923,0.40234375,0.4694172,0.390625
4,0.55011517,0.46484375,0.4694172,0.390625
4,0.554629,0.44921875,0.4694172,0.390625
4,0.54409665,0.5234375,0.4694172,0.390625
4,0.5525889,0.4296875,0.4694172,0.390625
4,0.55286336,0.421875,0.4694172,0.390625
4,0.55204785,0.47265625,0.4694172,0.390625
4,0.5547979,0.44921875,0.4694172,0.390625
4,0.5579056,0.390625,0.4694172,0.390625
4,0.5538742,0.46875,0.4694172,0.390625
4,0.54502046,0.46484375,0.4694172,0.390625
4,0.5605546,0.453125,0.4694172,0.390625
4,0.55487865,0.44921875,0.4694172,0.390625
4,0.5548968,0.4453125,0.4694172,0.390625
4,0.55644983,0.453125,0.4694172,0.390625
4,0.55683887,0.44140625,0.4694172,0.390625
4,0.55445254,0.453125,0.4694172,0.390625
4,0.5501416,0.42578125,0.4694172,0.390625
4,0.55997384,0.44921875,0.4694172,0.390625
4,0.5484218,0.55859375,0.4694172,0.390625
4,0.55512416,0.453125,0.4694172,0.390625
4,0.54998225,0.4765625,0.4694172,0.390625
4,0.56363124,0.40625,0.4694172,0.390625
4,0.5490034,0.53125,0.4694172,0.390625
4,0.5516925,0.53125,0.4694172,0.390625
4,0.5456816,0.5234375,0.4694172,0.390625
4,0.5529986,0.4765625,0.4694172,0.390625
4,0.56020015,0.421875,0.4694172,0.390625
4,0.55024296,0.47265625,0.4694172,0.390625
4,0.5557781,0.46484375,0.4694172,0.390625
4,0.5617248,0.42578125,0.4694172,0.390625
4,0.55399835,0.46875,0.4694172,0.390625
4,0.5575351,0.41015625,0.4694172,0.390625
4,0.5547556,0.41796875,0.4694172,0.390625
4,0.56223696,0.35546875,0.4694172,0.390625
4,0.55593777,0.4765625,0.4694172,0.390625
4,0.55590564,0.4453125,0.4694172,0.390625
4,0.5532442,0.46484375,0.4694172,0.390625
4,0.5385483,0.5703125,0.4694172,0.390625
4,0.5545756,0.421875,0.4694172,0.390625
4,0.56353974,0.40234375,0.4694172,0.390625
4,0.5526498,0.4375,0.4694172,0.390625
4,0.55087954,0.46484375,0.4694172,0.390625
5,0.54829097,0.48828125,0.43013385,0.3984375
5,0.5567761,0.4296875,0.43013385,0.3984375
5,0.5550288,0.4609375,0.43013385,0.3984375
5,0.53836375,0.54296875,0.43013385,0.3984375
5,0.5404135,0.578125,0.43013385,0.3984375
5,0.56034225,0.39453125,0.43013385,0.3984375
5,0.55065596,0.453125,0.43013385,0.3984375
5,0.54033047,0.53515625,0.43013385,0.3984375
5,0.5604625,0.42578125,0.43013385,0.3984375
5,0.55171776,0.515625,0.43013385,0.3984375
5,0.5508452,0.5,0.43013385,0.3984375
5,0.5556103,0.48046875,0.43013385,0.3984375
5,0.5465636,0.46484375,0.43013385,0.3984375
5,0.5462898,0.46875,0.43013385,0.3984375
5,0.5490452,0.47265625,0.43013385,0.3984375
5,0.5566793,0.4296875,0.43013385,0.3984375
5,0.5528012,0.4609375,0.43013385,0.3984375
5,0.543363,0.5390625,0.43013385,0.3984375
5,0.555031,0.44921875,0.43013385,0.3984375
5,0.5533093,0.390625,0.43013385,0.3984375
5,0.55457526,0.44140625,0.43013385,0.3984375
5,0.551429,0.4921875,0.43013385,0.3984375
5,0.54577696,0.4921875,0.43013385,0.3984375
5,0.55512995,0.515625,0.43013385,0.3984375
5,0.54474026,0.53515625,0.43013385,0.3984375
5,0.5598146,0.484375,0.43013385,0.3984375
5,0.5495953,0.5234375,0.43013385,0.3984375
5,0.54683864,0.4765625,0.43013385,0.3984375
5,0.55248606,0.51171875,0.43013385,0.3984375
5,0.5586786,0.47265625,0.43013385,0.3984375
5,0.54201204,0.5078125,0.43013385,0.3984375
5,0.54765373,0.4609375,0.43013385,0.3984375
5,0.5527901,0.4375,0.43013385,0.3984375
5,0.56125766,0.44921875,0.43013385,0.3984375
5,0.54742247,0.4765625,0.43013385,0.3984375
5,0.54237384,0.51953125,0.43013385,0.3984375
5,0.5442866,0.515625,0.43013385,0.3984375
5,0.5586609,0.47265625,0.43013385,0.3984375
5,0.55264014,0.51953125,0.43013385,0.3984375
5,0.54787004,0.54296875,0.43013385,0.3984375
5,0.5492881,0.47265625,0.43013385,0.3984375
5,0.5471415,0.55078125,0.43013385,0.3984375
5,0.5448262,0.484375,0.43013385,0.3984375
5,0.55348074,0.421875,0.43013385,0.3984375
5,0.54154855,0.53125,0.43013385,0.3984375
5,0.54541606,0.54296875,0.43013385,0.3984375
5,0.54264736,0.54296875,0.43013385,0.3984375
5,0.5521157,0.45703125,0.43013385,0.3984375
5,0.55104536,0.4375,0.43013385,0.3984375
5,0.55330646,0.44921875,0.43013385,0.3984375
5,0.55608326,0.44921875,0.43013385,0.3984375
5,0.5518182,0.4765625,0.43013385,0.3984375
5,0.54589933,0.44921875,0.43013385,0.3984375
5,0.5549782,0.43359375,0.43013385,0.3984375
5,0.5516759,0.4765625,0.43013385,0.3984375
5,0.5347102,0.56640625,0.43013385,0.3984375
5,0.54827005,0.51171875,0.43013385,0.3984375
5,0.54824597,0.44921875,0.43013385,0.3984375
5,0.54461527,0.52734375,0.43013385,0.3984375
5,0.55111533,0.39453125,0.43013385,0.3984375
5,0.5508529,0.43359375,0.43013385,0.3984375
5,0.55333054,0.42578125,0.43013385,0.3984375
5,0.5536397,0.4609375,0.43013385,0.3984375
5,0.5581818,0.390625,0.43013385,0.3984375
5,0.555183,0.42578125,0.43013385,0.3984375
5,0.5542802,0.46875,0.43013385,0.3984375
5,0.55867714,0.4296875,0.43013385,0.3984375
5,0.5550031,0.4375,0.43013385,0.3984375
5,0.5579778,0.37109375,0.43013385,0.3984375
5,0.5421896,0.5234375,0.43013385,0.3984375
5,0.54380774,0.484375,0.43013385,0.3984375
5,0.5504421,0.421875,0.43013385,0.3984375
5,0.55728686,0.45703125,0.43013385,0.3984375
5,0.55168766,0.4765625,0.43013385,0.3984375
5,0.55607146,0.4453125,0.43013385,0.3984375
5,0.55450916,0.5,0.43013385,0.3984375
5,0.53250617,0.48828125,0.43013385,0.3984375
5,0.54412127,0.42578125,0.43013385,0.3984375
5,0.54480904,0.5234375,0.43013385,0.3984375
5,0.5445056,0.54296875,0.43013385,0.3984375
5,0.56019306,0.41796875,0.43013385,0.3984375
5,0.551645,0.51171875,0.43013385,0.3984375
5,0.5576807,0.41015625,0.43013385,0.3984375
5,0.55419725,0.421875,0.43013385,0.3984375
5,0.5557653,0.44921875,0.43013385,0.3984375
5,0.5581613,0.39453125,0.43013385,0.3984375
5,0.5608149,0.44921875,0.43013385,0.3984375
5,0.54275215,0.484375,0.43013385,0.3984375
5,0.5510653,0.4765625,0.43013385,0.3984375
5,0.5467382,0.51953125,0.43013385,0.3984375
5,0.5422678,0.52734375,0.43013385,0.3984375
5,0.5444247,0.55078125,0.43013385,0.3984375
5,0.54620355,0.4765625,0.43013385,0.3984375
5,0.5470821,0.51953125,0.43013385,0.3984375
5,0.54701227,0.47265625,0.43013385,0.3984375
5,0.55252385,0.41015625,0.43013385,0.3984375
5,0.54442066,0.515625,0.43013385,0.3984375
5,0.54777044,0.48046875,0.43013385,0.3984375
5,0.5408391,0.51171875,0.43013385,0.3984375
5,0.5559531,0.390625,0.43013385,0.3984375
5,0.5422069,0.484375,0.43013385,0.3984375
5,0.5420112,0.546875,0.43013385,0.3984375
5,0.53630215,0.515625,0.43013385,0.3984375
5,0.54211843,0.50390625,0.43013385,0.3984375
5,0.55557835,0.41015625,0.43013385,0.3984375
5,0.5550006,0.421875,0.43013385,0.3984375
5,0.5493973,0.47265625,0.43013385,0.3984375
5,0.55073917,0.44140625,0.43013385,0.3984375
5,0.5479719,0.46875,0.43013385,0.3984375
5,0.5412242,0.55859375,0.43013385,0.3984375
5,0.54846853,0.47265625,0.43013385,0.3984375
5,0.5470504,0.4375,0.43013385,0.3984375
5,0.56404984,0.39453125,0.43013385,0.3984375
5,0.550631,0.45703125,0.43013385,0.3984375
5,0.54755664,0.47265625,0.43013385,0.3984375
5,0.5489968,0.5078125,0.43013385,0.3984375
5,0.55032367,0.4921875,0.43013385,0.3984375
5,0.55039346,0.453125,0.43013385,0.3984375
5,0.5629624,0.40234375,0.43013385,0.3984375
5,0.55522245,0.48046875,0.43013385,0.3984375
5,0.55315584,0.48046875,0.43013385,0.3984375
5,0.55281484,0.4140625,0.43013385,0.3984375
5,0.55079377,0.484375,0.43013385,0.3984375
5,0.53934914,0.5625,0.43013385,0.3984375
5,0.5480215,0.47265625,0.43013385,0.3984375
5,0.5458971,0.48046875,0.43013385,0.3984375
5,0.54829365,0.47265625,0.43013385,0.3984375
5,0.53705376,0.50390625,0.43013385,0.3984375
5,0.54445356,0.50390625,0.43013385,0.3984375
5,0.54574317,0.515625,0.43013385,0.3984375
5,0.55526316,0.4609375,0.43013385,0.3984375
5,0.5544243,0.44140625,0.43013385,0.3984375
5,0.5479669,0.48046875,0.43013385,0.3984375
5,0.54453367,0.51953125,0.43013385,0.3984375
5,0.53588295,0.55078125,0.43013385,0.3984375
5,0.54704136,0.484375,0.43013385,0.3984375
5,0.5495258,0.4921875,0.43013385,0.3984375
5,0.5513097,0.453125,0.43013385,0.3984375
5,0.55567634,0.44921875,0.43013385,0.3984375
5,0.5466301,0.4765625,0.43013385,0.3984375
5,0.53698504,0.49609375,0.43013385,0.3984375
5,0.5416388,0.515625,0.43013385,0.3984375
5,0.5540349,0.4765625,0.43013385,0.3984375
5,0.5561721,0.42578125,0.43013385,0.3984375
5,0.53786516,0.51953125,0.43013385,0.3984375
5,0.55253446,0.46875,0.43013385,0.3984375
5,0.5510303,0.4609375,0.43013385,0.3984375
5,0.54648286,0.5,0.43013385,0.3984375
5,0.55032283,0.453125,0.43013385,0.3984375
5,0.5582614,0.44921875,0.43013385,0.3984375
5,0.5494485,0.48828125,0.43013385,0.3984375
5,0.53700346,0.51953125,0.43013385,0.3984375
5,0.55104554,0.44140625,0.43013385,0.3984375
5,0.55177826,0.4453125,0.43013385,0.3984375
5,0.54887843,0.4921875,0.43013385,0.3984375
5,0.55548227,0.3984375,0.43013385,0.3984375
5,0.53406125,0.59765625,0.43013385,0.3984375
5,0.54932606,0.40234375,0.43013385,0.3984375
5,0.5308333,0.5234375,0.43013385,0.3984375
5,0.54040444,0.5234375,0.43013385,0.3984375
5,0.54823315,0.45703125,0.43013385,0.3984375
5,0.5452709,0.484375,0.43013385,0.3984375
5,0.5463773,0.48046875,0.43013385,0.3984375
5,0.54187244,0.48828125,0.43013385,0.3984375
5,0.54770976,0.51171875,0.43013385,0.3984375
5,0.55264884,0.5078125,0.43013385,0.3984375
5,0.5492997,0.43359375,0.43013385,0.3984375
5,0.5342749,0.5546875,0.43013385,0.3984375
5,0.5411078,0.5546875,0.43013385,0.3984375
5,0.55336475,0.4765625,0.43013385,0.3984375
5,0.5388519,0.49609375,0.43013385,0.3984375
5,0.5543459,0.421875,0.43013385,0.3984375
5,0.5377272,0.5,0.43013385,0.3984375
5,0.546696,0.44921875,0.43013385,0.3984375
5,0.54885095,0.5078125,0.43013385,0.3984375
5,0.54888815,0.45703125,0.43013385,0.3984375
5,0.5577959,0.44140625,0.43013385,0.3984375
5,0.5361732,0.56640625,0.43013385,0.3984375
5,0.5472847,0.5,0.43013385,0.3984375
5,0.54895324,0.48046875,0.43013385,0.3984375
5,0.54490656,0.51953125,0.43013385,0.3984375
5,0.55341786,0.44921875,0.43013385,0.3984375
5,0.5436915,0.5234375,0.43013385,0.3984375
5,0.5395947,0.48828125,0.43013385,0.3984375
5,0.546947,0.43359375,0.43013385,0.3984375
5,0.53486997,0.57421875,0.43013385,0.3984375
5,0.554339,0.41796875,0.43013385,0.3984375
5,0.5496172,0.421875,0.43013385,0.3984375
5,0.54341125,0.47265625,0.43013385,0.3984375
5,0.55028474,0.40625,0.43013385,0.3984375
5,0.54425657,0.515625,0.43013385,0.3984375
5,0.54827917,0.4296875,0.43013385,0.3984375
5,0.5498124,0.4765625,0.43013385,0.3984375
5,0.5504219,0.4453125,0.43013385,0.3984375
5,0.5463145,0.43359375,0.43013385,0.3984375
5,0.53608465,0.5390625,0.43013385,0.3984375
5,0.5475172,0.4765625,0.43013385,0.3984375
5,0.54361236,0.5,0.43013385,0.3984375
5,0.54829293,0.4296875,0.43013385,0.3984375
5,0.54539114,0.53515625,0.43013385,0.3984375
5,0.5556835,0.484375,0.43013385,0.3984375
5,0.55615604,0.42578125,0.43013385,0.3984375
5,0.5407754,0.5625,0.43013385,0.3984375
5,0.54891735,0.4765625,0.43013385,0.3984375
5,0.5455125,0.484375,0.43013385,0.3984375
5,0.54295146,0.5234375,0.43013385,0.3984375
5,0.533328,0.53515625,0.43013385,0.3984375
5,0.5485078,0.4765625,0.43013385,0.3984375
5,0.5428635,0.47265625,0.43013385,0.3984375
5,0.54922813,0.42578125,0.43013385,0.3984375
5,0.5531439,0.4375,0.43013385,0.3984375
5,0.5516706,0.41015625,0.43013385,0.3984375
5,0.5496935,0.45703125,0.43013385,0.3984375
5,0.55204254,0.4453125,0.43013385,0.3984375
5,0.55198294,0.47265625,0.43013385,0.3984375
5,0.5590912,0.34765625,0.43013385,0.3984375
5,0.55017513,0.3828125,0.43013385,0.3984375
5,0.55669683,0.421875,0.43013385,0.3984375
5,0.54755193,0.4375,0.43013385,0.3984375
5,0.5371757,0.51171875,0.43013385,0.3984375
5,0.54796094,0.4765625,0.43013385,0.3984375
5,0.55080277,0.48828125,0.43013385,0.3984375
5,0.55315,0.40625,0.43013385,0.3984375
5,0.53974617,0.5703125,0.43013385,0.3984375
5,0.54991674,0.4296875,0.43013385,0.3984375
5,0.54263026,0.5234375,0.43013385,0.3984375
5,0.54544383,0.46484375,0.43013385,0.3984375
5,0.53404075,0.5703125,0.43013385,0.3984375
5,0.5392536,0.48046875,0.43013385,0.3984375
5,0.54765147,0.44140625,0.43013385,0.3984375
5,0.5287149,0.57421875,0.43013385,0.3984375
5,0.53280556,0.55078125,0.43013385,0.3984375
5,0.5479117,0.5,0.43013385,0.3984375
5,0.538458,0.53515625,0.43013385,0.3984375
5,0.53557223,0.5703125,0.43013385,0.3984375
5,0.54285693,0.51171875,0.43013385,0.3984375
5,0.5500216,0.4609375,0.43013385,0.3984375
5,0.5462732,0.50390625,0.43013385,0.3984375
5,0.54195756,0.42578125,0.43013385,0.3984375
5,0.545071,0.484375,0.43013385,0.3984375
5,0.54218924,0.5546875,0.43013385,0.3984375
5,0.5459366,0.44140625,0.43013385,0.3984375
5,0.54071015,0.5390625,0.43013385,0.3984375
5,0.54182583,0.4921875,0.43013385,0.3984375
5,0.5317785,0.54296875,0.43013385,0.3984375
5,0.54758567,0.44140625,0.43013385,0.3984375
5,0.54428583,0.42578125,0.43013385,0.3984375
5,0.5404236,0.4765625,0.43013385,0.3984375
5,0.56069744,0.4609375,0.43013385,0.3984375
6,0.54455036,0.5234375,0.4346344,0.4375
6,0.5429539,0.51171875,0.4346344,0.4375
6,0.54141665,0.49609375,0.4346344,0.4375
6,0.5492081,0.4453125,0.4346344,0.4375
6,0.54002774,0.48046875,0.4346344,0.4375
6,0.5492797,0.44140625,0.4346344,0.4375
6,0.5266726,0.58984375,0.4346344,0.4375
6,0.5477511,0.4375,0.4346344,0.4375
6,0.54656136,0.45703125,0.4346344,0.4375
6,0.54306847,0.50390625,0.4346344,0.4375
6,0.5391904,0.5078125,0.4346344,0.4375
6,0.5414655,0.51171875,0.4346344,0.4375
6,0.54484355,0.4765625,0.4346344,0.4375
6,0.55432594,0.3828125,0.4346344,0.4375
6,0.5393812,0.5546875,0.4346344,0.4375
6,0.54798394,0.44921875,0.4346344,0.4375
6,0.5427427,0.5,0.4346344,0.4375
6,0.53720576,0.578125,0.4346344,0.4375
6,0.54995865,0.53125,0.4346344,0.4375
6,0.5541007,0.44140625,0.4346344,0.4375
6,0.543171,0.51953125,0.4346344,0.4375
6,0.5499984,0.4453125,0.4346344,0.4375
6,0.54110926,0.51171875,0.4346344,0.4375
6,0.53824013,0.49609375,0.4346344,0.4375
6,0.54367703,0.51953125,0.4346344,0.4375
6,0.5447861,0.50390625,0.4346344,0.4375
6,0.55452305,0.41796875,0.4346344,0.4375
6,0.5398013,0.5390625,0.4346344,0.4375
6,0.5495481,0.40234375,0.4346344,0.4375
6,0.55109966,0.48046875,0.4346344,0.4375
6,0.54243994,0.48046875,0.4346344,0.4375
6,0.5429242,0.48046875,0.4346344,0.4375
6,0.5506287,0.47265625,0.4346344,0.4375
6,0.5352788,0.546875,0.4346344,0.4375
6,0.5399786,0.5234375,0.4346344,0.4375
6,0.5450005,0.484375,0.4346344,0.4375
6,0.5449741,0.4765625,0.4346344,0.4375
6,0.54968613,0.375,0.4346344,0.4375
6,0.5397602,0.52734375,0.4346344,0.4375
6,0.53759444,0.49609375,0.4346344,0.4375
6,0.53792053,0.4921875,0.4346344,0.4375
6,0.5451726,0.44921875,0.4346344,0.4375
6,0.5550105,0.4296875,0.4346344,0.4375
6,0.55950266,0.37890625,0.4346344,0.4375
6,0.5363734,0.51953125,0.4346344,0.4375
6,0.53481066,0.57421875,0.4346344,0.4375
6,0.54061586,0.51953125,0.4346344,0.4375
6,0.54262507,0.484375,0.4346344,0.4375
6,0.5488896,0.46875,0.4346344,0.4375
6,0.5430764,0.4921875,0.4346344,0.4375
6,0.55518377,0.390625,0.4346344,0.4375
6,0.54643613,0.48828125,0.4346344,0.4375
6,0.53814304,0.51953125,0.4346344,0.4375
6,0.5387496,0.546875,0.4346344,0.4375
6,0.5324288,0.55078125,0.4346344,0.4375
6,0.52731544,0.5703125,0.4346344,0.4375
6,0.5378378,0.5546875,0.4346344,0.4375
6,0.54628587,0.48828125,0.4346344,0.4375
6,0.54885125,0.41015625,0.4346344,0.4375
6,0.5440413,0.47265625,0.4346344,0.4375
6,0.5448226,0.4453125,0.4346344,0.4375
6,0.5343252,0.4921875,0.4346344,0.4375
6,0.545199,0.484375,0.4346344,0.4375
6,0.527108,0.5546875,0.4346344,0.4375
6,0.5410825,0.5,0.4346344,0.4375
6,0.5354945,0.5078125,0.4346344,0.4375
6,0.5442159,0.515625,0.4346344,0.4375
6,0.54723513,0.4765625,0.4346344,0.4375
6,0.5465938,0.37890625,0.4346344,0.4375
6,0.54187244,0.44921875,0.4346344,0.4375
6,0.53434867,0.61328125,0.4346344,0.4375
6,0.5376076,0.50390625,0.4346344,0.4375
6,0.5497085,0.51953125,0.4346344,0.4375
6,0.53459114,0.4921875,0.4346344,0.4375
6,0.533927,0.55859375,0.4346344,0.4375
6,0.53879577,0.51171875,0.4346344,0.4375
6,0.53449446,0.51171875,0.4346344,0.4375
6,0.54671896,0.45703125,0.4346344,0.4375
6,0.53702277,0.5234375,0.4346344,0.4375
6,0.53734976,0.51171875,0.4346344,0.4375
6,0.54116523,0.4921875,0.4346344,0.4375
6,0.54139864,0.515625,0.4346344,0.4375
6,0.53945994,0.53515625,0.4346344,0.4375
6,0.53296524,0.5703125,0.4346344,0.4375
6,0.5444321,0.49609375,0.4346344,0.4375
6,0.53709674,0.55859375,0.4346344,0.4375
6,0.52499664,0.59765625,0.4346344,0.4375
6,0.5422782,0.50390625,0.4346344,0.4375
6,0.5445587,0.45703125,0.4346344,0.4375
6,0.53979504,0.49609375,0.4346344,0.4375
6,0.54555124,0.45703125,0.4346344,0.4375
6,0.5393196,0.53125,0.4346344,0.4375
6,0.5419532,0.4765625,0.4346344,0.4375
6,0.54346263,0.5,0.4346344,0.4375
6,0.5284139,0.515625,0.4346344,0.4375
6,0.5331815,0.53515625,0.4346344,0.4375
6,0.5409754,0.48046875,0.4346344,0.4375
6,0.53440756,0.53125,0.4346344,0.4375
6,0.5387983,0.5390625,0.4346344,0.4375
6,0.5467321,0.44921875,0.4346344,0.4375
6,0.5382641,0.484375,0.4346344,0.4375
6,0.54507065,0.453125,0.4346344,0.4375
6,0.54902935,0.45703125,0.4346344,0.4375
6,0.5368804,0.51953125,0.4346344,0.4375
6,0.55063075,0.37109375,0.4346344,0.4375
6,0.54521805,0.4453125,0.4346344,0.4375
6,0.5358745,0.5390625,0.4346344,0.4375
6,0.53586787,0.4453125,0.4346344,0.4375
6,0.53625697,0.546875,0.4346344,0.4375
6,0.54327923,0.46875,0.4346344,0.4375
6,0.5496958,0.3984375,0.4346344,0.4375
6,0.54538953,0.4375,0.4346344,0.4375
6,0.55012846,0.4296875,0.4346344,0.4375
6,0.54687804,0.46484375,0.4346344,0.4375
6,0.5343377,0.5546875,0.4346344,0.4375
6,0.5320231,0.53125,0.4346344,0.4375
6,0.53236014,0.49609375,0.4346344,0.4375
6,0.537041,0.48046875,0.4346344,0.4375
6,0.52917,0.58984375,0.4346344,0.4375
6,0.54210067,0.50390625,0.4346344,0.4375
6,0.5503675,0.42578125,0.4346344,0.4375
6,0.5369512,0.578125,0.4346344,0.4375
6,0.53214425,0.55078125,0.4346344,0.4375
6,0.5249068,0.59375,0.4346344,0.4375
6,0.5402025,0.47265625,0.4346344,0.4375
6,0.5413843,0.49609375,0.4346344,0.4375
6,0.53319365,0.5546875,0.4346344,0.4375
6,0.541995,0.46875,0.4346344,0.4375
6,0.53158784,0.5859375,0.4346344,0.4375
6,0.5306805,0.60546875,0.4346344,0.4375
6,0.531191,0.5234375,0.4346344,0.4375
6,0.5341576,0.54296875,0.4346344,0.4375
6,0.5359967,0.515625,0.4346344,0.4375
6,0.54399264,0.48046875,0.4346344,0.4375
6,0.5390945,0.5,0.4346344,0.4375
6,0.53605235,0.515625,0.4346344,0.4375
6,0.536655,0.54296875,0.4346344,0.4375
6,0.53376085,0.53125,0.4346344,0.4375
6,0.54073226,0.51953125,0.4346344,0.4375
6,0.53375244,0.546875,0.4346344,0.4375
6,0.53678906,0.4609375,0.4346344,0.4375
6,0.5295293,0.5625,0.4346344,0.4375
6,0.5373927,0.6171875,0.4346344,0.4375
6,0.54721224,0.46875,0.4346344,0.4375
6,0.538166,0.46484375,0.4346344,0.4375
6,0.5446559,0.45703125,0.4346344,0.4375
6,0.5370534,0.55859375,0.4346344,0.4375
6,0.54785997,0.47265625,0.4346344,0.4375
6,0.534685,0.5234375,0.4346344,0.4375
6,0.5370421,0.5546875,0.4346344,0.4375
6,0.53277355,0.55078125,0.4346344,0.4375
6,0.5262803,0.58203125,0.4346344,0.4375
6,0.5349603,0.56640625,0.4346344,0.4375
6,0.54525256,0.44140625,0.4346344,0.4375
6,0.53996617,0.5,0.4346344,0.4375
6,0.5320507,0.6015625,0.4346344,0.4375
6,0.5500957,0.4375,0.4346344,0.4375
6,0.530622,0.55859375,0.4346344,0.4375
6,0.55264056,0.46875,0.4346344,0.4375
6,0.5567243,0.421875,0.4346344,0.4375
6,0.5318733,0.56640625,0.4346344,0.4375
6,0.5414513,0.515625,0.4346344,0.4375
6,0.5553113,0.3984375,0.4346344,0.4375
6,0.5297118,0.58203125,0.4346344,0.4375
6,0.5393106,0.54296875,0.4346344,0.4375
6,0.5343298,0.453125,0.4346344,0.4375
6,0.54040235,0.54296875,0.4346344,0.4375
6,0.5365039,0.53125,0.4346344,0.4375
6,0.54400766,0.4921875,0.4346344,0.4375
6,0.5382854,0.55859375,0.4346344,0.4375
6,0.54376537,0.4921875,0.4346344,0.4375
6,0.53149027,0.5546875,0.4346344,0.4375
6,0.53770906,0.5078125,0.4346344,0.4375
6,0.5413136,0.49609375,0.4346344,0.4375
6,0.5308027,0.5546875,0.4346344,0.4375
6,0.52707165,0.625,0.4346344,0.4375
6,0.5350324,0.5078125,0.4346344,0.4375
6,0.5397282,0.59375,0.4346344,0.4375
6,0.5354912,0.5,0.4346344,0.4375
6,0.54684234,0.421875,0.4346344,0.4375
6,0.5344366,0.53125,0.4346344,0.4375
6,0.53772193,0.48046875,0.4346344,0.4375
6,0.5432893,0.515625,0.4346344,0.4375
6,0.5425977,0.43359375,0.4346344,0.4375
6,0.534715,0.55859375,0.4346344,0.4375
6,0.54565877,0.45703125,0.4346344,0.4375
6,0.5349814,0.546875,0.4346344,0.4375
6,0.54689336,0.453125,0.4346344,0.4375
6,0.5395651,0.48828125,0.4346344,0.4375
6,0.5381982,0.49609375,0.4346344,0.4375
6,0.5357384,0.56640625,0.4346344,0.4375
6,0.5334922,0.56640625,0.4346344,0.4375
6,0.5270581,0.53125,0.4346344,0.4375
6,0.53398633,0.57421875,0.4346344,0.4375
6,0.5453109,0.53125,0.4346344,0.4375
6,0.5405541,0.52734375,0.4346344,0.4375
6,0.53937656,0.515625,0.4346344,0.4375
6,0.5393879,0.51171875,0.4346344,0.4375
6,0.54713875,0.4140625,0.4346344,0.4375
6,0.5321579,0.578125,0.4346344,0.4375
6,0.5401595,0.4296875,0.4346344,0.4375
6,0.5416374,0.46875,0.4346344,0.4375
6,0.54187065,0.515625,0.4346344,0.4375
6,0.53941333,0.4921875,0.4346344,0.4375
6,0.5376376,0.4765625,0.4346344,0.4375
6,0.5380355,0.53515625,0.4346344,0.4375
6,0.54170215,0.48046875,0.4346344,0.4375
6,0.54206055,0.4765625,0.4346344,0.4375
6,0.5329433,0.5625,0.4346344,0.4375
6,0.53930455,0.48046875,0.4346344,0.4375
6,0.538868,0.5,0.4346344,0.4375
6,0.5374776,0.51953125,0.4346344,0.4375
6,0.53775054,0.5234375,0.4346344,0.4375
6,0.54780686,0.4453125,0.4346344,0.4375
6,0.5332721,0.53515625,0.4346344,0.4375
6,0.5257343,0.6328125,0.4346344,0.4375
6,0.53877413,0.4765625,0.4346344,0.4375
6,0.53320223,0.52734375,0.4346344,0.4375
6,0.5412251,0.52734375,0.4346344,0.4375
6,0.5270199,0.5390625,0.4346344,0.4375
6,0.53731686,0.5390625,0.4346344,0.4375
6,0.54524505,0.4765625,0.4346344,0.4375
6,0.5399341,0.546875,0.4346344,0.4375
6,0.5359747,0.5625,0.4346344,0.4375
6,0.5422575,0.484375,0.4346344,0.4375
6,0.5351316,0.52734375,0.4346344,0.4375
6,0.5312785,0.578125,0.4346344,0.4375
6,0.5378352,0.51171875,0.4346344,0.4375
6,0.5367119,0.49609375,0.4346344,0.4375
6,0.53751075,0.5390625,0.4346344,0.4375
6,0.532442,0.5390625,0.4346344,0.4375
6,0.546807,0.44140625,0.4346344,0.4375
6,0.5339262,0.57421875,0.4346344,0.4375
6,0.5447685,0.484375,0.4346344,0.4375
6,0.54012203,0.47265625,0.4346344,0.4375
6,0.5416962,0.44921875,0.4346344,0.4375
6,0.5370832,0.47265625,0.4346344,0.4375
6,0.53963566,0.484375,0.4346344,0.4375
6,0.53764814,0.5078125,0.4346344,0.4375
6,0.530719,0.58203125,0.4346344,0.4375
6,0.5367686,0.46484375,0.4346344,0.4375
6,0.5453696,0.48046875,0.4346344,0.4375
6,0.5308977,0.57421875,0.4346344,0.4375
6,0.55215037,0.41015625,0.4346344,0.4375
6,0.5487979,0.44140625,0.4346344,0.4375
6,0.5454112,0.4296875,0.4346344,0.4375
6,0.533691,0.49609375,0.4346344,0.4375
6,0.5527412,0.38671875,0.4346344,0.4375
6,0.54632086,0.4375,0.4346344,0.4375
7,0.5257584,0.578125,0.42526194,0.484375
7,0.54000896,0.4765625,0.42526194,0.484375
7,0.5310534,0.56640625,0.42526194,0.484375
7,0.529493,0.52734375,0.42526194,0.484375
7,0.53315306,0.56640625,0.42526194,0.484375
7,0.5337097,0.5390625,0.42526194,0.484375
7,0.5374328,0.50390625,0.42526194,0.484375
7,0.5495538,0.3984375,0.42526194,0.484375
7,0.5427137,0.50390625,0.42526194,0.484375
7,0.5414848,0.47265625,0.42526194,0.484375
7,0.5496733,0.46484375,0.42526194,0.484375
7,0.5324801,0.5390625,0.42526194,0.484375
7,0.53332317,0.5546875,0.42526194,0.484375
7,0.53231996,0.54296875,0.42526194,0.484375
7,0.5373856,0.56640625,0.42526194,0.484375
7,0.5270242,0.56640625,0.42526194,0.484375
7,0.5404209,0.515625,0.42526194,0.484375
7,0.5411826,0.4921875,0.42526194,0.484375
7,0.54386216,0.49609375,0.42526194,0.484375
7,0.5399415,0.5546875,0.42526194,0.484375
7,0.5439362,0.49609375,0.42526194,0.484375
7,0.53976405,0.45703125,0.42526194,0.484375
7,0.5344423,0.50390625,0.42526194,0.484375
7,0.536478,0.4765625,0.42526194,0.484375
7,0.5438765,0.48828125,0.42526194,0.484375
7,0.5366246,0.515625,0.42526194,0.484375
7,0.5423256,0.5078125,0.42526194,0.484375
7,0.5369541,0.48046875,0.42526194,0.484375
7,0.5388363,0.5703125,0.42526194,0.484375
7,0.5348388,0.55078125,0.42526194,0.484375
7,0.5354604,0.51171875,0.42526194,0.484375
7,0.5304285,0.55078125,0.42526194,0.484375
7,0.5244468,0.6015625,0.42526194,0.484375
7,0.54353714,0.48828125,0.42526194,0.484375
7,0.5267739,0.578125,0.42526194,0.484375
7,0.5308435,0.546875,0.42526194,0.484375
7,0.5332177,0.55078125,0.42526194,0.484375
7,0.54674,0.4296875,0.42526194,0.484375
7,0.5404338,0.484375,0.42526194,0.484375
7,0.5302475,0.58203125,0.42526194,0.484375
7,0.54245985,0.51171875,0.42526194,0.484375
7,0.53831977,0.5703125,0.42526194,0.484375
7,0.53193444,0.54296875,0.42526194,0.484375
7,0.5437042,0.4609375,0.42526194,0.484375
7,0.53774834,0.54296875,0.42526194,0.484375
7,0.5298142,0.52734375,0.42526194,0.484375
7,0.5299782,0.53125,0.42526194,0.484375
7,0.52638966,0.6171875,0.42526194,0.484375
7,0.5364669,0.5625,0.42526194,0.484375
7,0.5491825,0.38671875,0.42526194,0.484375
7,0.5257769,0.58984375,0.42526194,0.484375
7,0.540449,0.4765625,0.42526194,0.484375
7,0.5361619,0.51953125,0.42526194,0.484375
7,0.5305815,0.51171875,0.42526194,0.484375
7,0.5379271,0.5234375,0.42526194,0.484375
7,0.54066217,0.4765625,0.42526194,0.484375
7,0.5414265,0.44140625,0.42526194,0.484375
7,0.54183775,0.421875,0.42526194,0.484375
7,0.54370743,0.4453125,0.42526194,0.484375
7,0.52641046,0.60546875,0.42526194,0.484375
7,0.5423137,0.4765625,0.42526194,0.484375
7,0.5373553,0.46875,0.42526194,0.484375
7,0.53658026,0.52734375,0.42526194,0.484375
7,0.54469246,0.421875,0.42526194,0.484375
7,0.5407054,0.53125,0.42526194,0.484375
7,0.5315098,0.5546875,0.42526194,0.484375
7,0.53890425,0.49609375,0.42526194,0.484375
7,0.5388245,0.5078125,0.42526194,0.484375
7,0.53314877,0.546875,0.42526194,0.484375
7,0.5335947,0.51171875,0.42526194,0.484375
7,0.5393582,0.53125,0.42526194,0.484375
7,0.53602713,0.55078125,0.42526194,0.484375
7,0.52899104,0.58984375,0.42526194,0.484375
7,0.53775895,0.46875,0.42526194,0.484375
7,0.5367551,0.4921875,0.42526194,0.484375
7,0.54178786,0.453125,0.42526194,0.484375
7,0.53974587,0.5,0.42526194,0.484375
7,0.5388948,0.5078125,0.42526194,0.484375
7,0.5296673,0.5078125,0.42526194,0.484375
7,0.5422989,0.5,0.42526194,0.484375
7,0.54229194,0.51953125,0.42526194,0.484375
7,0.5327911,0.5625,0.42526194,0.484375
7,0.53717905,0.515625,0.42526194,0.484375
7,0.5486555,0.43359375,0.42526194,0.484375
7,0.53787225,0.55078125,0.42526194,0.484375
7,0.5379941,0.5234375,0.42526194,0.484375
7,0.52948713,0.5625,0.42526194,0.484375
7,0.5349893,0.48828125,0.42526194,0.484375
7,0.52424735,0.6015625,0.42526194,0.484375
7,0.5309053,0.52734375,0.42526194,0.484375
7,0.5370656,0.52734375,0.42526194,0.484375
7,0.5361362,0.52734375,0.42526194,0.484375
7,0.5344382,0.53515625,0.42526194,0.484375
7,0.53628975,0.53515625,0.42526194,0.484375
7,0.54073083,0.4609375,0.42526194,0.484375
7,0.54052633,0.46875,0.42526194,0.484375
7,0.5180279,0.6640625,0.42526194,0.484375
7,0.5301011,0.56640625,0.42526194,0.484375
7,0.52927345,0.58984375,0.42526194,0.484375
7,0.54082197,0.49609375,0.42526194,0.484375
7,0.53852385,0.515625,0.42526194,0.484375
7,0.5389022,0.46875,0.42526194,0.484375
7,0.53092575,0.53515625,0.42526194,0.484375
7,0.5428572,0.46875,0.42526194,0.484375
7,0.5320961,0.51953125,0.42526194,0.484375
7,0.52830607,0.58984375,0.42526194,0.484375
7,0.5354148,0.5234375,0.42526194,0.484375
7,0.54302925,0.484375,0.42526194,0.484375
7,0.54298526,0.46875,0.42526194,0.484375
7,0.54074985,0.46875,0.42526194,0.484375
7,0.5354434,0.45703125,0.42526194,0.484375
7,0.5434037,0.453125,0.42526194,0.484375
7,0.5302499,0.50390625,0.42526194,0.484375
7,0.5361722,0.56640625,0.42526194,0.484375
7,0.5397988,0.5078125,0.42526194,0.484375
7,0.53549135,0.52734375,0.42526194,0.484375
7,0.527863,0.5390625,0.42526194,0.484375
7,0.5283032,0.55078125,0.42526194,0.484375
7,0.5352222,0.51953125,0.42526194,0.484375
7,0.5315087,0.55078125,0.42526194,0.484375
7,0.5307906,0.578125,0.42526194,0.484375
7,0.53874874,0.546875,0.42526194,0.484375
7,0.53501445,0.52734375,0.42526194,0.484375
7,0.52448887,0.58984375,0.42526194,0.484375
7,0.54023516,0.546875,0.42526194,0.484375
7,0.54311657,0.4140625,0.42526194,0.484375
7,0.5408718,0.49609375,0.42526194,0.484375
7,0.5377685,0.53515625,0.42526194,0.484375
7,0.52547795,0.58203125,0.42526194,0.484375
7,0.53614086,0.51171875,0.42526194,0.484375
7,0.5347231,0.56640625,0.42526194,0.484375
7,0.5394765,0.4765625,0.42526194,0.484375
7,0.5487894,0.47265625,0.42526194,0.484375
7,0.53257376,0.5625,0.42526194,0.484375
7,0.5387626,0.49609375,0.42526194,0.484375
7,0.5324508,0.4453125,0.42526194,0.484375
7,0.53599685,0.55078125,0.42526194,0.484375
7,0.52722615,0.5703125,0.42526194,0.484375
7,0.53446937,0.54296875,0.42526194,0.484375
7,0.5278959,0.60546875,0.42526194,0.484375
7,0.53365487,0.578125,0.42526194,0.484375
7,0.5414232,0.51171875,0.42526194,0.484375
7,0.5432754,0.48828125,0.42526194,0.484375
7,0.5267884,0.62890625,0.42526194,0.484375
7,0.5413144,0.515625,0.42526194,0.484375
7,0.5335768,0.54296875,0.42526194,0.484375
7,0.5302466,0.546875,0.42526194,0.484375
7,0.5380344,0.51171875,0.42526194,0.484375
7,0.53339785,0.56640625,0.42526194,0.484375
7,0.51558,0.65234375,0.42526194,0.484375
7,0.5232388,0.640625,0.42526194,0.484375
7,0.529082,0.53125,0.42526194,0.484375
7,0.540449,0.48828125,0.42526194,0.484375
7,0.53631,0.578125,0.42526194,0.484375
7,0.53669494,0.54296875,0.42526194,0.484375
7,0.53288466,0.5390625,0.42526194,0.484375
7,0.54077804,0.4765625,0.42526194,0.484375
7,0.53315026,0.52734375,0.42526194,0.484375
7,0.526074,0.609375,0.42526194,0.484375
7,0.5281498,0.51171875,0.42526194,0.484375
7,0.5364986,0.51171875,0.42526194,0.484375
7,0.53883785,0.5234375,0.42526194,0.484375
7,0.53966624,0.515625,0.42526194,0.484375
7,0.53513485,0.53125,0.42526194,0.484375
7,0.52784413,0.5234375,0.42526194,0.484375
7,0.52984965,0.5546875,0.42526194,0.484375
7,0.5346611,0.53125,0.42526194,0.484375
7,0.5435332,0.46875,0.42526194,0.484375
7,0.52559024,0.609375,0.42526194,0.484375
7,0.5468089,0.44140625,0.42526194,0.484375
7,0.54088134,0.484375,0.42526194,0.484375
7,0.52708715,0.546875,0.42526194,0.484375
7,0.5421363,0.515625,0.42526194,0.484375
7,0.54090637,0.5234375,0.42526194,0.484375
7,0.5384119,0.546875,0.42526194,0.484375
7,0.5345952,0.546875,0.42526194,0.484375
7,0.53656644,0.4140625,0.42526194,0.484375
7,0.5362171,0.51953125,0.42526194,0.484375
7,0.5334631,0.53515625,0.42526194,0.484375
7,0.5344021,0.5390625,0.42526194,0.484375
7,0.53459895,0.5078125,0.42526194,0.484375
7,0.5496321,0.3828125,0.42526194,0.484375
7,0.5268072,0.6015625,0.42526194,0.484375
7,0.5413632,0.49609375,0.42526194,0.484375
7,0.5336198,0.56640625,0.42526194,0.484375
7,0.54325086,0.46484375,0.42526194,0.484375
7,0.5347048,0.55078125,0.42526194,0.484375
7,0.52464676,0.55078125,0.42526194,0.484375
7,0.5320985,0.51171875,0.42526194,0.484375
7,0.5402785,0.453125,0.42526194,0.484375
7,0.53526807,0.46875,0.42526194,0.484375
7,0.54302216,0.4609375,0.42526194,0.484375
7,0.5216707,0.62109375,0.42526194,0.484375
7,0.52993214,0.5703125,0.42526194,0.484375
7,0.5398191,0.44921875,0.42526194,0.484375
7,0.52878296,0.6171875,0.42526194,0.484375
7,0.53367746,0.5546875,0.42526194,0.484375
7,0.5290659,0.5625,0.42526194,0.484375
7,0.5244104,0.56640625,0.42526194,0.484375
7,0.5299145,0.515625,0.42526194,0.484375
7,0.53476846,0.46484375,0.42526194,0.484375
7,0.5344754,0.53125,0.42526194,0.484375
7,0.5420773,0.44921875,0.42526194,0.484375
7,0.54065937,0.484375,0.42526194,0.484375
7,0.52779263,0.515625,0.42526194,0.484375
7,0.5397836,0.46484375,0.42526194,0.484375
7,0.5261691,0.5625,0.42526194,0.484375
7,0.5293661,0.5859375,0.42526194,0.484375
7,0.5239938,0.578125,0.42526194,0.484375
7,0.5363788,0.53515625,0.42526194,0.484375
7,0.5346581,0.57421875,0.42526194,0.484375
7,0.5335751,0.55859375,0.42526194,0.484375
7,0.53406537,0.51171875,0.42526194,0.484375
7,0.5309507,0.5,0.42526194,0.484375
7,0.52038485,0.57421875,0.42526194,0.484375
7,0.52771944,0.51953125,0.42526194,0.484375
7,0.534507,0.5078125,0.42526194,0.484375
7,0.53807586,0.53125,0.42526194,0.484375
7,0.54676306,0.48046875,0.42526194,0.484375
7,0.5297888,0.60546875,0.42526194,0.484375
7,0.5346213,0.55078125,0.42526194,0.484375
7,0.53146535,0.5859375,0.42526194,0.484375
7,0.5315413,0.55859375,0.42526194,0.484375
7,0.5263072,0.6171875,0.42526194,0.484375
7,0.52889985,0.58203125,0.42526194,0.484375
7,0.5273027,0.55078125,0.42526194,0.484375
7,0.52182597,0.61328125,0.42526194,0.484375
7,0.5210573,0.6328125,0.42526194,0.484375
7,0.5292226,0.55078125,0.42526194,0.484375
7,0.5330567,0.55859375,0.42526194,0.484375
7,0.53716075,0.5,0.42526194,0.484375
7,0.53661025,0.51171875,0.42526194,0.484375
7,0.52943236,0.5625,0.42526194,0.484375
7,0.53363127,0.53125,0.42526194,0.484375
7,0.5366139,0.484375,0.42526194,0.484375
7,0.5372735,0.5234375,0.42526194,0.484375
7,0.5274426,0.5859375,0.42526194,0.484375
7,0.5306969,0.515625,0.42526194,0.484375
7,0.53191704,0.5390625,0.42526194,0.484375
7,0.52625644,0.5625,0.42526194,0.484375
7,0.53413045,0.4765625,0.42526194,0.484375
7,0.52641094,0.55859375,0.42526194,0.484375
7,0.53583103,0.5,0.42526194,0.484375
7,0.527502,0.5625,0.42526194,0.484375
7,0.51591915,0.66015625,0.42526194,0.484375
7,0.5401389,0.49609375,0.42526194,0.484375
7,0.523012,0.6328125,0.42526194,0.484375
7,0.5336962,0.5234375,0.42526194,0.484375
7,0.53294885,0.6171875,0.42526194,0.484375
8,0.5309768,0.5546875,0.43621153,0.4140625
8,0.53626794,0.51953125,0.43621153,0.4140625
8,0.53532827,0.54296875,0.43621153,0.4140625
8,0.5302879,0.5078125,0.43621153,0.4140625
8,0.53178084,0.55859375,0.43621153,0.4140625
8,0.53558207,0.47265625,0.43621153,0.4140625
8,0.5380452,0.46484375,0.43621153,0.4140625
8,0.53180295,0.5625,0.43621153,0.4140625
8,0.5243457,0.6171875,0.43621153,0.4140625
8,0.53483003,0.53515625,0.43621153,0.4140625
8,0.5304759,0.5546875,0.43621153,0.4140625
8,0.5269848,0.53125,0.43621153,0.4140625
8,0.52778065,0.51171875,0.43621153,0.4140625
8,0.5251633,0.56640625,0.43621153,0.4140625
8,0.5360896,0.55078125,0.43621153,0.4140625
8,0.53534263,0.53125,0.43621153,0.4140625
8,0.5355118,0.48828125,0.43621153,0.4140625
8,0.53453064,0.57421875,0.43621153,0.4140625
8,0.52723426,0.55859375,0.43621153,0.4140625
8,0.5270424,0.55078125,0.43621153,0.4140625
8,0.5355067,0.5078125,0.43621153,0.4140625
8,0.5361181,0.51171875,0.43621153,0.4140625
8,0.52349895,0.60546875,0.43621153,0.4140625
8,0.52218276,0.58984375,0.43621153,0.4140625
8,0.5289776,0.5859375,0.43621153,0.4140625
8,0.5351609,0.5078125,0.43621153,0.4140625
8,0.5271989,0.5703125,0.43621153,0.4140625
8,0.53694826,0.46484375,0.43621153,0.4140625
8,0.52053744,0.64453125,0.43621153,0.4140625
8,0.5263484,0.640625,0.43621153,0.4140625
8,0.53614473,0.515625,0.43621153,0.4140625
8,0.5357056,0.4765625,0.43621153,0.4140625
8,0.53026897,0.5234375,0.43621153,0.4140625
8,0.5365121,0.52734375,0.43621153,0.4140625
8,0.53357035,0.5703125,0.43621153,0.4140625
8,0.5241814,0.5546875,0.43621153,0.4140625
8,0.5266518,0.546875,0.43621153,0.4140625
8,0.5270076,0.57421875,0.43621153,0.4140625
8,0.5327587,0.515625,0.43621153,0.4140625
8,0.5397358,0.50390625,0.43621153,0.4140625
8,0.5254436,0.6171875,0.43621153,0.4140625
8,0.5330067,0.53125,0.43621153,0.4140625
8,0.5266657,0.62890625,0.43621153,0.4140625
8,0.5301044,0.5625,0.43621153,0.4140625
8,0.53189224,0.5625,0.43621153,0.4140625
8,0.5346959,0.51953125,0.43621153,0.4140625
8,0.52951866,0.48046875,0.43621153,0.4140625
8,0.53686744,0.49609375,0.43621153,0.4140625
8,0.5243971,0.5390625,0.43621153,0.4140625
8,0.53047603,0.5078125,0.43621153,0.4140625
8,0.53327286,0.5,0.43621153,0.4140625
8,0.53872204,0.5078125,0.43621153,0.4140625
8,0.5262607,0.55859375,0.43621153,0.4140625
8,0.527154,0.5546875,0.43621153,0.4140625
8,0.52036655,0.65625,0.43621153,0.4140625
8,0.5370996,0.4765625,0.43621153,0.4140625
8,0.53075397,0.53515625,0.43621153,0.4140625
8,0.5359354,0.56640625,0.43621153,0.4140625
8,0.5392216,0.51171875,0.43621153,0.4140625
8,0.53884715,0.46875,0.43621153,0.4140625
8,0.53337806,0.49609375,0.43621153,0.4140625
8,0.5327049,0.5234375,0.43621153,0.4140625
8,0.53237814,0.5390625,0.43621153,0.4140625
8,0.5247284,0.5546875,0.43621153,0.4140625
8,0.5270944,0.5703125,0.43621153,0.4140625
8,0.54292005,0.390625,0.43621153,0.4140625
8,0.53051525,0.5234375,0.43621153,0.4140625
8,0.5355746,0.50390625,0.43621153,0.4140625
8,0.5341271,0.46875,0.43621153,0.4140625
8,0.5143271,0.59765625,0.43621153,0.4140625
8,0.5387085,0.48046875,0.43621153,0.4140625
8,0.52362937,0.62109375,0.43621153,0.4140625
8,0.53688717,0.453125,0.43621153,0.4140625
8,0.52908957,0.5546875,0.43621153,0.4140625
8,0.52678436,0.5625,0.43621153,0.4140625
8,0.5293671,0.578125,0.43621153,0.4140625
8,0.52572036,0.5546875,0.43621153,0.4140625
8,0.5234936,0.58203125,0.43621153,0.4140625
8,0.5368716,0.49609375,0.43621153,0.4140625
8,0.5321231,0.55859375,0.43621153,0.4140625
8,0.5301399,0.5234375,0.43621153,0.4140625
8,0.53331405,0.53515625,0.43621153,0.4140625
8,0.53047323,0.53125,0.43621153,0.4140625
8,0.52543485,0.59375,0.43621153,0.4140625
8,0.52975756,0.57421875,0.43621153,0.4140625
8,0.5265083,0.5546875,0.43621153,0.4140625
8,0.52358264,0.58203125,0.43621153,0.4140625
8,0.5217806,0.6015625,0.43621153,0.4140625
8,0.53616923,0.50390625,0.43621153,0.4140625
8,0.5321099,0.55078125,0.43621153,0.4140625
8,0.52363646,0.5625,0.43621153,0.4140625
8,0.5304018,0.4921875,0.43621153,0.4140625
8,0.53201586,0.57421875,0.43621153,0.4140625
8,0.5240495,0.62109375,0.43621153,0.4140625
8,0.52894664,0.5859375,0.43621153,0.4140625
8,0.51881874,0.625,0.43621153,0.4140625
8,0.53179646,0.57421875,0.43621153,0.4140625
8,0.5243065,0.61328125,0.43621153,0.4140625
8,0.52665484,0.5546875,0.43621153,0.4140625
8,0.5337354,0.4921875,0.43621153,0.4140625
8,0.526549,0.63671875,0.43621153,0.4140625
8,0.52414805,0.58203125,0.43621153,0.4140625
8,0.5316766,0.5546875,0.43621153,0.4140625
8,0.5160212,0.62890625,0.43621153,0.4140625
8,0.5221136,0.62890625,0.43621153,0.4140625
8,0.52705413,0.53515625,0.43621153,0.4140625
8,0.5365041,0.51953125,0.43621153,0.4140625
8,0.5362492,0.49609375,0.43621153,0.4140625
8,0.5323541,0.53125,0.43621153,0.4140625
8,0.5305101,0.5,0.43621153,0.4140625
8,0.5326474,0.56640625,0.43621153,0.4140625
8,0.52642393,0.53125,0.43621153,0.4140625
8,0.5384092,0.5,0.43621153,0.4140625
8,0.5355445,0.47265625,0.43621153,0.4140625
8,0.5301302,0.5703125,0.43621153,0.4140625
8,0.52741134,0.5625,0.43621153,0.4140625
8,0.53504336,0.515625,0.43621153,0.4140625
8,0.5321456,0.53515625,0.43621153,0.4140625
8,0.5311108,0.5546875,0.43621153,0.4140625
8,0.5245722,0.56640625,0.43621153,0.4140625
8,0.53068787,0.5390625,0.43621153,0.4140625
8,0.5335435,0.48828125,0.43621153,0.4140625
8,0.5182443,0.6328125,0.43621153,0.4140625
8,0.5303272,0.54296875,0.43621153,0.4140625
8,0.5311688,0.52734375,0.43621153,0.4140625
8,0.5268634,0.5234375,0.43621153,0.4140625
8,0.5328061,0.515625,0.43621153,0.4140625
8,0.5256399,0.55859375,0.43621153,0.4140625
8,0.5420385,0.546875,0.43621153,0.4140625
8,0.536157,0.5234375,0.43621153,0.4140625
8,0.5265221,0.5234375,0.43621153,0.4140625
8,0.5328414,0.55078125,0.43621153,0.4140625
8,0.5320033,0.56640625,0.43621153,0.4140625
8,0.5275137,0.546875,0.43621153,0.4140625
8,0.5394097,0.46875,0.43621153,0.4140625
8,0.52862734,0.56640625,0.43621153,0.4140625
8,0.5360075,0.4921875,0.43621153,0.4140625
8,0.52819145,0.5078125,0.43621153,0.4140625
8,0.52616996,0.578125,0.43621153,0.4140625
8,0.5341803,0.51953125,0.43621153,0.4140625
8,0.52786386,0.57421875,0.43621153,0.4140625
8,0.54042184,0.4609375,0.43621153,0.4140625
8,0.53041077,0.51953125,0.43621153,0.4140625
8,0.5355857,0.49609375,0.43621153,0.4140625
8,0.5339592,0.5078125,0.43621153,0.4140625
8,0.52310425,0.53125,0.43621153,0.4140625
8,0.5236448,0.58203125,0.43621153,0.4140625
8,0.53638476,0.47265625,0.43621153,0.4140625
8,0.5385798,0.45703125,0.43621153,0.4140625
8,0.52953756,0.53515625,0.43621153,0.4140625
8,0.5190544,0.609375,0.43621153,0.4140625
8,0.53900725,0.44921875,0.43621153,0.4140625
8,0.5292138,0.52734375,0.43621153,0.4140625
8,0.53124076,0.51953125,0.43621153,0.4140625
8,0.525468,0.59375,0.43621153,0.4140625
8,0.521197,0.62890625,0.43621153,0.4140625
8,0.5287056,0.58203125,0.43621153,0.4140625
8,0.53824025,0.46875,0.43621153,0.4140625
8,0.5380572,0.50390625,0.43621153,0.4140625
8,0.52557695,0.58203125,0.43621153,0.4140625
8,0.5270017,0.51953125,0.43621153,0.4140625
8,0.53066224,0.55078125,0.43621153,0.4140625
8,0.5300236,0.5,0.43621153,0.4140625
8,0.53121835,0.4921875,0.43621153,0.4140625
8,0.5300183,0.5390625,0.43621153,0.4140625
8,0.5309525,0.515625,0.43621153,0.4140625
8,0.5318263,0.47265625,0.43621153,0.4140625
8,0.53801095,0.53125,0.43621153,0.4140625
8,0.5262202,0.46875,0.43621153,0.4140625
8,0.5269218,0.52734375,0.43621153,0.4140625
8,0.53937757,0.5234375,0.43621153,0.4140625
8,0.5302097,0.5625,0.43621153,0.4140625
8,0.52594286,0.58984375,0.43621153,0.4140625
8,0.5208601,0.609375,0.43621153,0.4140625
8,0.52254325,0.5078125,0.43621153,0.4140625
8,0.53455275,0.49609375,0.43621153,0.4140625
8,0.5227046,0.53515625,0.43621153,0.4140625
8,0.53110397,0.55078125,0.43621153,0.4140625
8,0.53443444,0.5234375,0.43621153,0.4140625
8,0.5191534,0.5703125,0.43621153,0.4140625
8,0.54091066,0.50390625,0.43621153,0.4140625
8,0.5244487,0.60546875,0.43621153,0.4140625
8,0.538099,0.5234375,0.43621153,0.4140625
8,0.52852565,0.625,0.43621153,0.4140625
8,0.52472866,0.61328125,0.43621153,0.4140625
8,0.52623266,0.5859375,0.43621153,0.4140625
8,0.5323574,0.57421875,0.43621153,0.4140625
8,0.5312551,0.55859375,0.43621153,0.4140625
8,0.5276524,0.55078125,0.43621153,0.4140625
8,0.5247288,0.57421875,0.43621153,0.4140625
8,0.52485484,0.5703125,0.43621153,0.4140625
8,0.53251266,0.546875,0.43621153,0.4140625
8,0.5158488,0.640625,0.43621153,0.4140625
8,0.53908473,0.51953125,0.43621153,0.4140625
8,0.51272494,0.6171875,0.43621153,0.4140625
8,0.51706415,0.62109375,0.43621153,0.4140625
8,0.53978497,0.484375,0.43621153,0.4140625
8,0.5391855,0.453125,0.43621153,0.4140625
8,0.52912223,0.515625,0.43621153,0.4140625
8,0.5262992,0.578125,0.43621153,0.4140625
8,0.5291764,0.52734375,0.43621153,0.4140625
8,0.5215349,0.57421875,0.43621153,0.4140625
8,0.52058595,0.57421875,0.43621153,0.4140625
8,0.5397017,0.43359375,0.43621153,0.4140625
8,0.51885235,0.625,0.43621153,0.4140625
8,0.53028,0.53515625,0.43621153,0.4140625
8,0.5253181,0.59375,0.43621153,0.4140625
8,0.52536774,0.5546875,0.43621153,0.4140625
8,0.53093934,0.53125,0.43621153,0.4140625
8,0.52304596,0.56640625,0.43621153,0.4140625
8,0.52586025,0.57421875,0.43621153,0.4140625
8,0.52920645,0.57421875,0.43621153,0.4140625
8,0.5259927,0.578125,0.43621153,0.4140625
8,0.53013504,0.55078125,0.43621153,0.4140625
8,0.5148209,0.58984375,0.43621153,0.4140625
8,0.526168,0.59375,0.43621153,0.4140625
8,0.51596683,0.6796875,0.43621153,0.4140625
8,0.5330809,0.5234375,0.43621153,0.4140625
8,0.5245814,0.6328125,0.43621153,0.4140625
8,0.52011347,0.59765625,0.43621153,0.4140625
8,0.53109854,0.625,0.43621153,0.4140625
8,0.5323458,0.46875,0.43621153,0.4140625
8,0.52314633,0.62890625,0.43621153,0.4140625
8,0.52667636,0.58984375,0.43621153,0.4140625
8,0.53310907,0.52734375,0.43621153,0.4140625
8,0.53155386,0.4921875,0.43621153,0.4140625
8,0.52554286,0.57421875,0.43621153,0.4140625
8,0.5356551,0.51171875,0.43621153,0.4140625
8,0.52656376,0.51953125,0.43621153,0.4140625
8,0.531331,0.58984375,0.43621153,0.4140625
8,0.528082,0.60546875,0.43621153,0.4140625
8,0.5168954,0.58203125,0.43621153,0.4140625
8,0.5359346,0.5078125,0.43621153,0.4140625
8,0.5248972,0.6484375,0.43621153,0.4140625
8,0.5179859,0.58203125,0.43621153,0.4140625
8,0.5327583,0.5078125,0.43621153,0.4140625
8,0.5232956,0.5859375,0.43621153,0.4140625
8,0.52426,0.6484375,0.43621153,0.4140625
8,0.5118309,0.671875,0.43621153,0.4140625
8,0.52238995,0.62890625,0.43621153,0.4140625
8,0.5318962,0.53125,0.43621153,0.4140625
8,0.5271167,0.53515625,0.43621153,0.4140625
8,0.51831055,0.625,0.43621153,0.4140625
8,0.534992,0.52734375,0.43621153,0.4140625
8,0.51694876,0.59765625,0.43621153,0.4140625
8,0.5244209,0.6015625,0.43621153,0.4140625
8,0.5306439,0.55078125,0.43621153,0.4140625
8,0.5297419,0.51953125,0.43621153,0.4140625
8,0.5351015,0.4765625,0.43621153,0.4140625
9,0.5213402,0.57421875,0.40243086,0.5
9,0.5283597,0.5625,0.40243086,0.5
9,0.5272932,0.55078125,0.40243086,0.5
9,0.5267989,0.55859375,0.40243086,0.5
9,0.54747957,0.40234375,0.40243086,0.5
9,0.52703524,0.54296875,0.40243086,0.5
9,0.51353514,0.625,0.40243086,0.5
9,0.5293549,0.53125,0.40243086,0.5
9,0.53329414,0.5,0.40243086,0.5
9,0.5316142,0.484375,0.40243086,0.5
9,0.51820856,0.6015625,0.40243086,0.5
9,0.52140206,0.625,0.40243086,0.5
9,0.5247723,0.52734375,0.40243086,0.5
9,0.52824277,0.56640625,0.40243086,0.5
9,0.5217482,0.609375,0.40243086,0.5
9,0.5261076,0.546875,0.40243086,0.5
9,0.5160079,0.625,0.40243086,0.5
9,0.52372664,0.625,0.40243086,0.5
9,0.53085625,0.5390625,0.40243086,0.5
9,0.5205275,0.58203125,0.40243086,0.5
9,0.5303646,0.54296875,0.40243086,0.5
9,0.5299173,0.5234375,0.40243086,0.5
9,0.52890736,0.484375,0.40243086,0.5
9,0.52100456,0.54296875,0.40243086,0.5
9,0.53308064,0.49609375,0.40243086,0.5
9,0.53288287,0.53515625,0.40243086,0.5
9,0.5263118,0.52734375,0.40243086,0.5
9,0.52282643,0.56640625,0.40243086,0.5
9,0.5245579,0.5625,0.40243086,0.5
9,0.51460373,0.68359375,0.40243086,0.5
9,0.5319603,0.5859375,0.40243086,0.5
9,0.5282154,0.625,0.40243086,0.5
9,0.52120465,0.55859375,0.40243086,0.5
9,0.52131635,0.58984375,0.40243086,0.5
9,0.53160226,0.48046875,0.40243086,0.5
9,0.52072275,0.59765625,0.40243086,0.5
9,0.5141741,0.61328125,0.40243086,0.5
9,0.5198476,0.61328125,0.40243086,0.5
9,0.53009766,0.52734375,0.40243086,0.5
9,0.5282893,0.50390625,0.40243086,0.5
9,0.52854556,0.578125,0.40243086,0.5
9,0.5284797,0.59765625,0.40243086,0.5
9,0.5277766,0.5390625,0.40243086,0.5
9,0.5368939,0.43359375,0.40243086,0.5
9,0.5311197,0.5234375,0.40243086,0.5
9,0.5329307,0.51171875,0.40243086,0.5
9,0.536146,0.51953125,0.40243086,0.5
9,0.53188235,0.53515625,0.40243086,0.5
9,0.5268694,0.58984375,0.40243086,0.5
9,0.52891153,0.5859375,0.40243086,0.5
9,0.5305501,0.52734375,0.40243086,0.5
9,0.52874047,0.5859375,0.40243086,0.5
9,0.5313268,0.54296875,0.40243086,0.5
9,0.5368814,0.45703125,0.40243086,0.5
9,0.5200919,0.61328125,0.40243086,0.5
9,0.5296315,0.55859375,0.40243086,0.5
9,0.53004867,0.4921875,0.40243086,0.5
9,0.5241794,0.58203125,0.40243086,0.5
9,0.5161987,0.625,0.40243086,0.5
9,0.5212184,0.578125,0.40243086,0.5
9,0.5316669,0.5625,0.40243086,0.5
9,0.5200888,0.625,0.40243086,0.5
9,0.52785283,0.53515625,0.40243086,0.5
9,0.5235729,0.59375,0.40243086,0.5
9,0.52601695,0.54296875,0.40243086,0.5
9,0.519343,0.609375,0.40243086,0.5
9,0.5214581,0.5625,0.40243086,0.5
9,0.5302657,0.52734375,0.40243086,0.5
9,0.52181834,0.5234375,0.40243086,0.5
9,0.52735204,0.59375,0.40243086,0.5
9,0.52428526,0.5859375,0.40243086,0.5
9,0.5313599,0.5078125,0.40243086,0.5
9,0.52555054,0.578125,0.40243086,0.5
9,0.5207175,0.625,0.40243086,0.5
9,0.51789635,0.64453125,0.40243086,0.5
9,0.5235305,0.58203125,0.40243086,0.5
9,0.5231178,0.58203125,0.40243086,0.5
9,0.5171634,0.609375,0.40243086,0.5
9,0.53063995,0.4921875,0.40243086,0.5
9,0.5083273,0.73828125,0.40243086,0.5
9,0.5250216,0.6171875,0.40243086,0.5
9,0.5289054,0.4765625,0.40243086,0.5
9,0.528524,0.55859375,0.40243086,0.5
9,0.5339131,0.4609375,0.40243086,0.5
9,0.53465134,0.5078125,0.40243086,0.5
9,0.53200835,0.5390625,0.40243086,0.5
9,0.5258087,0.56640625,0.40243086,0.5
9,0.53020835,0.5546875,0.40243086,0.5
9,0.5249246,0.61328125,0.40243086,0.5
9,0.5234799,0.5703125,0.40243086,0.5
9,0.52623,0.54296875,0.40243086,0.5
9,0.5315476,0.48828125,0.40243086,0.5
9,0.5302087,0.51953125,0.40243086,0.5
9,0.5235557,0.55859375,0.40243086,0.5
9,0.5279603,0.5625,0.40243086,0.5
9,0.5296156,0.5703125,0.40243086,0.5
9,0.5173771,0.578125,0.40243086,0.5
9,0.52067584,0.58203125,0.40243086,0.5
9,0.5291905,0.51171875,0.40243086,0.5
9,0.5253045,0.5625,0.40243086,0.5
9,0.52075917,0.56640625,0.40243086,0.5
9,0.5305496,0.5078125,0.40243086,0.5
9,0.52838933,0.52734375,0.40243086,0.5
9,0.52962446,0.50390625,0.40243086,0.5
9,0.5166081,0.6015625,0.40243086,0.5
9,0.5160114,0.609375,0.40243086,0.5
9,0.527972,0.484375,0.40243086,0.5
9,0.5252335,0.5546875,0.40243086,0.5
9,0.5216617,0.6328125,0.40243086,0.5
9,0.523902,0.5625,0.40243086,0.5
9,0.5211358,0.62109375,0.40243086,0.5
9,0.5165537,0.625,0.40243086,0.5
9,0.5315718,0.53515625,0.40243086,0.5
9,0.52666754,0.55859375,0.40243086,0.5
9,0.52702534,0.515625,0.40243086,0.5
9,0.5311801,0.51953125,0.40243086,0.5
9,0.5198881,0.625,0.40243086,0.5
9,0.5281916,0.5390625,0.40243086,0.5
9,0.5227556,0.59375,0.40243086,0.5
9,0.53113866,0.52734375,0.40243086,0.5
9,0.52611285,0.53515625,0.40243086,0.5
9,0.5185235,0.6171875,0.40243086,0.5
9,0.5267792,0.54296875,0.40243086,0.5
9,0.52870995,0.546875,0.40243086,0.5
9,0.51960486,0.6015625,0.40243086,0.5
9,0.52286243,0.57421875,0.40243086,0.5
9,0.5262262,0.546875,0.40243086,0.5
9,0.52978706,0.53125,0.40243086,0.5
9,0.52158517,0.56640625,0.40243086,0.5
9,0.5324831,0.53125,0.40243086,0.5
9,0.5201268,0.578125,0.40243086,0.5
9,0.51665026,0.59765625,0.40243086,0.5
9,0.5247485,0.57421875,0.40243086,0.5
9,0.52628386,0.546875,0.40243086,0.5
9,0.5305814,0.51171875,0.40243086,0.5
9,0.52180487,0.62109375,0.40243086,0.5
9,0.5207738,0.53515625,0.40243086,0.5
9,0.53439325,0.47265625,0.40243086,0.5
9,0.52561516,0.58984375,0.40243086,0.5
9,0.5189351,0.64453125,0.40243086,0.5
9,0.51431733,0.6484375,0.40243086,0.5
9,0.5278704,0.578125,0.40243086,0.5
9,0.51282626,0.625,0.40243086,0.5
9,0.52990496,0.5078125,0.40243086,0.5
9,0.5221321,0.55078125,0.40243086,0.5
9,0.51062125,0.66796875,0.40243086,0.5
9,0.52175766,0.546875,0.40243086,0.5
9,0.53179747,0.53515625,0.40243086,0.5
9,0.52200204,0.54296875,0.40243086,0.5
9,0.53363055,0.51171875,0.40243086,0.5
9,0.53643334,0.5625,0.40243086,0.5
9,0.52919525,0.56640625,0.40243086,0.5
9,0.5172352,0.6015625,0.40243086,0.5
9,0.51932746,0.6015625,0.40243086,0.5
9,0.5298224,0.53515625,0.40243086,0.5
9,0.5257443,0.51171875,0.40243086,0.5
9,0.51996934,0.609375,0.40243086,0.5
9,0.52238554,0.63671875,0.40243086,0.5
9,0.5255176,0.59375,0.40243086,0.5
9,0.5204513,0.5703125,0.40243086,0.5
9,0.5230765,0.5625,0.40243086,0.5
9,0.5193092,0.6171875,0.40243086,0.5
9,0.5173217,0.60546875,0.40243086,0.5
9,0.51610315,0.63671875,0.40243086,0.5
9,0.52417386,0.5078125,0.40243086,0.5
9,0.52148634,0.55859375,0.40243086,0.5
9,0.5258684,0.5546875,0.40243086,0.5
9,0.5312505,0.55078125,0.40243086,0.5
9,0.5218234,0.5625,0.40243086,0.5
9,0.5249244,0.58203125,0.40243086,0.5
9,0.5271796,0.5546875,0.40243086,0.5
9,0.523431,0.58203125,0.40243086,0.5
9,0.51207733,0.59765625,0.40243086,0.5
9,0.5180054,0.6015625,0.40243086,0.5
9,0.5163155,0.64453125,0.40243086,0.5
9,0.52007264,0.60546875,0.40243086,0.5
9,0.52226263,0.5859375,0.40243086,0.5
9,0.52508295,0.55078125,0.40243086,0.5
9,0.5223488,0.609375,0.40243086,0.5
9,0.523312,0.62890625,0.40243086,0.5
9,0.5248458,0.578125,0.40243086,0.5
9,0.5207222,0.6328125,0.40243086,0.5
9,0.5359446,0.44921875,0.40243086,0.5
9,0.53116006,0.52734375,0.40243086,0.5
9,0.519888,0.5859375,0.40243086,0.5
9,0.5320962,0.53125,0.40243086,0.5
9,0.52704936,0.578125,0.40243086,0.5
9,0.5182875,0.6484375,0.40243086,0.5
9,0.5236011,0.61328125,0.40243086,0.5
9,0.5230549,0.59765625,0.40243086,0.5
9,0.51210815,0.6875,0.40243086,0.5
9,0.5283136,0.4609375,0.40243086,0.5
9,0.52763045,0.546875,0.40243086,0.5
9,0.51724803,0.58984375,0.40243086,0.5
9,0.52449644,0.5703125,0.40243086,0.5
9,0.525257,0.546875,0.40243086,0.5
9,0.5133287,0.62890625,0.40243086,0.5
9,0.52626145,0.55859375,0.40243086,0.5
9,0.5274597,0.5390625,0.40243086,0.5
9,0.51873446,0.609375,0.40243086,0.5
9,0.5304028,0.53515625,0.40243086,0.5
9,0.5190462,0.6015625,0.40243086,0.5
9,0.52617425,0.6015625,0.40243086,0.5
9,0.5194073,0.59765625,0.40243086,0.5
9,0.5148753,0.67578125,0.40243086,0.5
9,0.5271777,0.49609375,0.40243086,0.5
9,0.51808107,0.640625,0.40243086,0.5
9,0.5243501,0.53515625,0.40243086,0.5
9,0.51295936,0.69140625,0.40243086,0.5
9,0.52137315,0.6328125,0.40243086,0.5
9,0.5246541,0.5625,0.40243086,0.5
9,0.5260379,0.5390625,0.40243086,0.5
9,0.52300066,0.56640625,0.40243086,0.5
9,0.5320911,0.578125,0.40243086,0.5
9,0.51670897,0.640625,0.40243086,0.5
9,0.53537136,0.48046875,0.40243086,0.5
9,0.52036655,0.57421875,0.40243086,0.5
9,0.5113191,0.66796875,0.40243086,0.5
9,0.52734643,0.55078125,0.40243086,0.5
9,0.5264929,0.53515625,0.40243086,0.5
9,0.5197299,0.57421875,0.40243086,0.5
9,0.52675915,0.51953125,0.40243086,0.5
9,0.51690733,0.609375,0.40243086,0.5
9,0.51906115,0.6484375,0.40243086,0.5
9,0.5173701,0.65625,0.40243086,0.5
9,0.517566,0.58984375,0.40243086,0.5
9,0.52167773,0.57421875,0.40243086,0.5
9,0.51802474,0.5859375,0.40243086,0.5
9,0.5244672,0.609375,0.40243086,0.5
9,0.51561356,0.609375,0.40243086,0.5
9,0.527832,0.59765625,0.40243086,0.5
9,0.5246108,0.59375,0.40243086,0.5
9,0.52265394,0.578125,0.40243086,0.5
9,0.5256499,0.578125,0.40243086,0.5
9,0.52491724,0.55859375,0.40243086,0.5
9,0.5179903,0.59765625,0.40243086,0.5
9,0.52679604,0.5703125,0.40243086,0.5
9,0.53314906,0.54296875,0.40243086,0.5
9,0.53084844,0.53515625,0.40243086,0.5
9,0.5291707,0.45703125,0.40243086,0.5
9,0.5254005,0.5546875,0.40243086,0.5
9,0.5270466,0.52734375,0.40243086,0.5
9,0.5247492,0.5546875,0.40243086,0.5
9,0.53022516,0.515625,0.40243086,0.5
9,0.52018034,0.5859375,0.40243086,0.5
9,0.51952034,0.58203125,0.40243086,0.5
9,0.5170051,0.609375,0.40243086,0.5
9,0.5298293,0.56640625,0.40243086,0.5
9,0.5206156,0.56640625,0.40243086,0.5
10,0.5088452,0.55859375,0.41146764,0.5234375
10,0.5093648,0.53515625,0.41146764,0.5234375
10,0.5000532,0.6328125,0.41146764,0.5234375
10,0.5092429,0.53515625,0.41146764,0.5234375
10,0.51945406,0.53515625,0.41146764,0.5234375
10,0.4973413,0.6328125,0.41146764,0.5234375
10,0.5011694,0.6640625,0.41146764,0.5234375
10,0.50902605,0.59765625,0.41146764,0.5234375
10,0.5019474,0.61328125,0.41146764,0.5234375
10,0.5135802,0.5390625,0.41146764,0.5234375
10,0.5061236,0.578125,0.41146764,0.5234375
10,0.50657135,0.5703125,0.41146764,0.5234375
10,0.50159496,0.66015625,0.41146764,0.5234375
10,0.50322443,0.59375,0.41146764,0.5234375
10,0.501678,0.6015625,0.41146764,0.5234375
10,0.5178044,0.47265625,0.41146764,0.5234375
10,0.49730316,0.58984375,0.41146764,0.5234375
10,0.49855286,0.5859375,0.41146764,0.5234375
10,0.5141955,0.47265625,0.41146764,0.5234375
10,0.50329214,0.58203125,0.41146764,0.5234375
10,0.5078243,0.53515625,0.41146764,0.5234375
10,0.48822626,0.66796875,0.41146764,0.5234375
10,0.4997057,0.6015625,0.41146764,0.5234375
10,0.5090358,0.55078125,0.41146764,0.5234375
10,0.5058489,0.6015625,0.41146764,0.5234375
10,0.4991096,0.63671875,0.41146764,0.5234375
10,0.5117144,0.55859375,0.41146764,0.5234375
10,0.50953275,0.546875,0.41146764,0.5234375
10,0.5029634,0.5859375,0.41146764,0.5234375
10,0.50703335,0.55859375,0.41146764,0.5234375
10,0.5023673,0.625,0.41146764,0.5234375
10,0.4969681,0.66015625,0.41146764,0.5234375
10,0.5077467,0.6015625,0.41146764,0.5234375
10,0.5178145,0.50390625,0.41146764,0.5234375
10,0.5054088,0.61328125,0.41146764,0.5234375
10,0.49579886,0.671875,0.41146764,0.5234375
10,0.5131851,0.5390625,0.41146764,0.5234375
10,0.5121122,0.5,0.41146764,0.5234375
10,0.5055811,0.57421875,0.41146764,0.5234375
10,0.51885784,0.47265625,0.41146764,0.5234375
10,0.5113892,0.56640625,0.41146764,0.5234375
10,0.5102086,0.51171875,0.41146764,0.5234375
10,0.50323194,0.609375,0.41146764,0.5234375
10,0.5098638,0.609375,0.41146764,0.5234375
10,0.50971913,0.53125,0.41146764,0.5234375
10,0.5129963,0.54296875,0.41146764,0.5234375
10,0.5119234,0.55078125,0.41146764,0.5234375
10,0.50303775,0.51953125,0.41146764,0.5234375
10,0.5019937,0.5625,0.41146764,0.5234375
10,0.50332254,0.609375,0.41146764,0.5234375
10,0.5176344,0.5078125,0.41146764,0.5234375
10,0.50118643,0.62109375,0.41146764,0.5234375
10,0.49795565,0.62109375,0.41146764,0.5234375
10,0.5099511,0.57421875,0.41146764,0.5234375
10,0.50123376,0.5703125,0.41146764,0.5234375
10,0.49949214,0.625,0.41146764,0.5234375
10,0.5103459,0.53125,0.41146764,0.5234375
10,0.502288,0.609375,0.41146764,0.5234375
10,0.50795794,0.55078125,0.41146764,0.5234375
10,0.49462983,0.625,0.41146764,0.5234375
10,0.50725543,0.55859375,0.41146764,0.5234375
10,0.506643,0.5546875,0.41146764,0.5234375
10,0.4998137,0.609375,0.41146764,0.5234375
10,0.503818,0.58984375,0.41146764,0.5234375
10,0.51199245,0.5859375,0.41146764,0.5234375
10,0.50415486,0.60546875,0.41146764,0.5234375
10,0.50359076,0.59765625,0.41146764,0.5234375
10,0.5043355,0.62109375,0.41146764,0.5234375
10,0.50924027,0.55859375,0.41146764,0.5234375
10,0.51021576,0.56640625,0.41146764,0.5234375
10,0.50580764,0.58984375,0.41146764,0.5234375
10,0.5137481,0.5234375,0.41146764,0.5234375
10,0.51249593,0.54296875,0.41146764,0.5234375
10,0.51118475,0.59765625,0.41146764,0.5234375
10,0.503853,0.57421875,0.41146764,0.5234375
10,0.48945862,0.66796875,0.41146764,0.5234375
10,0.49749845,0.59765625,0.41146764,0.5234375
10,0.5084544,0.56640625,0.41146764,0.5234375
10,0.5067936,0.56640625,0.41146764,0.5234375
10,0.5007861,0.6015625,0.41146764,0.5234375
10,0.5117776,0.55859375,0.41146764,0.5234375
10,0.5076746,0.57421875,0.41146764,0.5234375
10,0.50846726,0.51953125,0.41146764,0.5234375
10,0.5129159,0.515625,0.41146764,0.5234375
10,0.5046582,0.6015625,0.41146764,0.5234375
10,0.50487787,0.53515625,0.41146764,0.5234375
10,0.5069066,0.53125,0.41146764,0.5234375
10,0.5038734,0.609375,0.41146764,0.5234375
10,0.5086524,0.61328125,0.41146764,0.5234375
10,0.5066168,0.49609375,0.41146764,0.5234375
10,0.5103775,0.578125,0.41146764,0.5234375
10,0.5020765,0.6171875,0.41146764,0.5234375
10,0.5184926,0.515625,0.41146764,0.5234375
10,0.5025705,0.5859375,0.41146764,0.5234375
10,0.4918134,0.68359375,0.41146764,0.5234375
10,0.51360255,0.53125,0.41146764,0.5234375
10,0.5046637,0.609375,0.41146764,0.5234375
10,0.5058666,0.578125,0.41146764,0.5234375
10,0.49817136,0.62109375,0.41146764,0.5234375
10,0.50568783,0.62109375,0.41146764,0.5234375
10,0.51338184,0.5,0.41146764,0.5234375
10,0.509907,0.55078125,0.41146764,0.5234375
10,0.49467334,0.60546875,0.41146764,0.5234375
10,0.5008009,0.56640625,0.41146764,0.5234375
10,0.5103714,0.56640625,0.41146764,0.5234375
10,0.5003258,0.6328125,0.41146764,0.5234375
10,0.5038384,0.5859375,0.41146764,0.5234375
10,0.49366957,0.65625,0.41146764,0.5234375
10,0.5053416,0.62109375,0.41146764,0.5234375
10,0.49602133,0.65625,0.41146764,0.5234375
10,0.50620896,0.62109375,0.41146764,0.5234375
10,0.50648004,0.546875,0.41146764,0.5234375
10,0.50729674,0.55078125,0.41146764,0.5234375
10,0.5094741,0.578125,0.41146764,0.5234375
10,0.507988,0.5,0.41146764,0.5234375
10,0.502742,0.56640625,0.41146764,0.5234375
10,0.49903986,0.5859375,0.41146764,0.5234375
10,0.5011053,0.6015625,0.41146764,0.5234375
10,0.49801567,0.59765625,0.41146764,0.5234375
10,0.5015491,0.55859375,0.41146764,0.5234375
10,0.5006483,0.5859375,0.41146764,0.5234375
10,0.5068889,0.54296875,0.41146764,0.5234375
10,0.5060146,0.55859375,0.41146764,0.5234375
10,0.5019523,0.6328125,0.41146764,0.5234375
10,0.50991654,0.5625,0.41146764,0.5234375
10,0.50205547,0.5703125,0.41146764,0.5234375
10,0.51158226,0.52734375,0.41146764,0.5234375
10,0.5029777,0.59375,0.41146764,0.5234375
10,0.49960086,0.6484375,0.41146764,0.5234375
10,0.5005818,0.58203125,0.41146764,0.5234375
10,0.50174695,0.625,0.41146764,0.5234375
10,0.4923032,0.63671875,0.41146764,0.5234375
10,0.5028536,0.56640625,0.41146764,0.5234375
10,0.5071068,0.48046875,0.41146764,0.5234375
10,0.50573295,0.58203125,0.41146764,0.5234375
10,0.51013976,0.5859375,0.41146764,0.5234375
10,0.49287504,0.66015625,0.41146764,0.5234375
10,0.50464535,0.59765625,0.41146764,0.5234375
10,0.50223833,0.60546875,0.41146764,0.5234375
10,0.5078413,0.56640625,0.41146764,0.5234375
10,0.5067396,0.6015625,0.41146764,0.5234375
10,0.4979627,0.625,0.41146764,0.5234375
10,0.50366324,0.5859375,0.41146764,0.5234375
10,0.5054499,0.53515625,0.41146764,0.5234375
10,0.5013906,0.5859375,0.41146764,0.5234375
10,0.50815356,0.6015625,0.41146764,0.5234375
10,0.5088974,0.52734375,0.41146764,0.5234375
10,0.5022182,0.625,0.41146764,0.5234375
10,0.507423,0.61328125,0.41146764,0.5234375
10,0.5217768,0.46875,0.41146764,0.5234375
10,0.4999111,0.6171875,0.41146764,0.5234375
10,0.50277466,0.62109375,0.41146764,0.5234375
10,0.5010176,0.5859375,0.41146764,0.5234375
10,0.5026077,0.54296875,0.41146764,0.5234375
10,0.5049678,0.62109375,0.41146764,0.5234375
10,0.4991279,0.60546875,0.41146764,0.5234375
10,0.5171146,0.5078125,0.41146764,0.5234375
10,0.50979847,0.6015625,0.41146764,0.5234375
10,0.5151057,0.53125,0.41146764,0.5234375
10,0.4997874,0.60546875,0.41146764,0.5234375
10,0.50384265,0.5390625,0.41146764,0.5234375
10,0.502368,0.6171875,0.41146764,0.5234375
10,0.5034477,0.60546875,0.41146764,0.5234375
10,0.49686414,0.63671875,0.41146764,0.5234375
10,0.50493944,0.59765625,0.41146764,0.5234375
10,0.5115602,0.5546875,0.41146764,0.5234375
10,0.5011347,0.57421875,0.41146764,0.5234375
10,0.50299674,0.625,0.41146764,0.5234375
10,0.4969545,0.63671875,0.41146764,0.5234375
10,0.5085918,0.54296875,0.41146764,0.5234375
10,0.49990076,0.609375,0.41146764,0.5234375
10,0.51385295,0.6171875,0.41146764,0.5234375
10,0.5058729,0.546875,0.41146764,0.5234375
10,0.5014601,0.59765625,0.41146764,0.5234375
10,0.50127757,0.6171875,0.41146764,0.5234375
10,0.5005838,0.66015625,0.41146764,0.5234375
10,0.50041854,0.609375,0.41146764,0.5234375
10,0.5128063,0.50390625,0.41146764,0.5234375
10,0.5054348,0.59375,0.41146764,0.5234375
10,0.50454795,0.609375,0.41146764,0.5234375
10,0.5102561,0.546875,0.41146764,0.5234375
10,0.5055728,0.58203125,0.41146764,0.5234375
10,0.5163123,0.48046875,0.41146764,0.5234375
10,0.50113386,0.58984375,0.41146764,0.5234375
10,0.504667,0.59375,0.41146764,0.5234375
10,0.49958405,0.59765625,0.41146764,0.5234375
10,0.5111194,0.5390625,0.41146764,0.5234375
10,0.49474317,0.68359375,0.41146764,0.5234375
10,0.49900252,0.5546875,0.41146764,0.5234375
10,0.5027872,0.55078125,0.41146764,0.5234375
10,0.5062463,0.55078125,0.41146764,0.5234375
10,0.5016491,0.65234375,0.41146764,0.5234375
10,0.5136902,0.53125,0.41146764,0.5234375
10,0.49005598,0.64453125,0.41146764,0.5234375
10,0.509041,0.57421875,0.41146764,0.5234375
10,0.5020653,0.5859375,0.41146764,0.5234375
10,0.5036632,0.5859375,0.41146764,0.5234375
10,0.50150293,0.5546875,0.41146764,0.5234375
10,0.5094442,0.57421875,0.41146764,0.5234375
10,0.50108016,0.6015625,0.41146764,0.5234375
10,0.50595176,0.5859375,0.41146764,0.5234375
10,0.517067,0.43359375,0.41146764,0.5234375
10,0.49432632,0.62109375,0.41146764,0.5234375
10,0.5065526,0.5546875,0.41146764,0.5234375
10,0.50553906,0.58203125,0.41146764,0.5234375
10,0.49531493,0.64453125,0.41146764,0.5234375
10,0.5001193,0.609375,0.41146764,0.5234375
10,0.49718854,0.63671875,0.41146764,0.5234375
10,0.50407463,0.5859375,0.41146764,0.5234375
10,0.50039625,0.6171875,0.41146764,0.5234375
10,0.50334,0.62109375,0.41146764,0.5234375
10,0.494322,0.65625,0.41146764,0.5234375
10,0.5099613,0.56640625,0.41146764,0.5234375
10,0.50345355,0.62109375,0.41146764,0.5234375
10,0.50772995,0.5546875,0.41146764,0.5234375
10,0.5000783,0.59375,0.41146764,0.5234375
10,0.5014957,0.57421875,0.41146764,0.5234375
10,0.5053149,0.51953125,0.41146764,0.5234375
10,0.49327973,0.62890625,0.41146764,0.5234375
10,0.49674878,0.609375,0.41146764,0.5234375
10,0.5099474,0.54296875,0.41146764,0.5234375
10,0.5020448,0.5703125,0.41146764,0.5234375
10,0.49529308,0.64453125,0.41146764,0.5234375
10,0.4968682,0.62890625,0.41146764,0.5234375
10,0.49918002,0.6484375,0.41146764,0.5234375
10,0.50470746,0.62890625,0.41146764,0.5234375
10,0.49704385,0.56640625,0.41146764,0.5234375
10,0.50984484,0.5546875,0.41146764,0.5234375
10,0.50367284,0.53515625,0.41146764,0.5234375
10,0.50019485,0.5703125,0.41146764,0.5234375
10,0.5088746,0.5625,0.41146764,0.5234375
10,0.5068939,0.59375,0.41146764,0.5234375
10,0.5002537,0.6328125,0.41146764,0.5234375
10,0.50337595,0.65234375,0.41146764,0.5234375
10,0.50640506,0.58203125,0.41146764,0.5234375
10,0.5068606,0.5625,0.41146764,0.5234375
10,0.50808847,0.578125,0.41146764,0.5234375
10,0.49962002,0.5859375,0.41146764,0.5234375
10,0.50862783,0.58984375,0.41146764,0.5234375
10,0.50188917,0.54296875,0.41146764,0.5234375
10,0.50780123,0.53125,0.41146764,0.5234375
10,0.50190395,0.53515625,0.41146764,0.5234375
10,0.5015524,0.62890625,0.41146764,0.5234375
10,0.5012035,0.6171875,0.41146764,0.5234375
10,0.4919586,0.69140625,0.41146764,0.5234375
10,0.4993728,0.6328125,0.41146764,0.5234375
10,0.50083977,0.6015625,0.41146764,0.5234375
10,0.50351846,0.6171875,0.41146764,0.5234375
10,0.51525813,0.52734375,0.41146764,0.5234375
11,0.49746227,0.66015625,0.44535455,0.46875
11,0.49932453,0.5546875,0.44535455,0.46875
11,0.5033064,0.65625,0.44535455,0.46875
11,0.5048727,0.58984375,0.44535455,0.46875
11,0.5079023,0.57421875,0.44535455,0.46875
11,0.49635294,0.62890625,0.44535455,0.46875
11,0.5011429,0.5703125,0.44535455,0.46875
11,0.50774354,0.53515625,0.44535455,0.46875
11,0.4877403,0.67578125,0.44535455,0.46875
11,0.5037607,0.578125,0.44535455,0.46875
11,0.50053746,0.578125,0.44535455,0.46875
11,0.5045922,0.56640625,0.44535455,0.46875
11,0.5046924,0.56640625,0.44535455,0.46875
11,0.5032078,0.6171875,0.44535455,0.46875
11,0.49788952,0.60546875,0.44535455,0.46875
11,0.51500314,0.484375,0.44535455,0.46875
11,0.512534,0.49609375,0.44535455,0.46875
11,0.50079364,0.55078125,0.44535455,0.46875
11,0.49908993,0.62109375,0.44535455,0.46875
11,0.50058085,0.59765625,0.44535455,0.46875
11,0.50541675,0.609375,0.44535455,0.46875
11,0.50609505,0.54296875,0.44535455,0.46875
11,0.4936799,0.63671875,0.44535455,0.46875
11,0.5169793,0.51953125,0.44535455,0.46875
11,0.5015086,0.58203125,0.44535455,0.46875
11,0.5052052,0.578125,0.44535455,0.46875
11,0.50656766,0.5625,0.44535455,0.46875
11,0.49822694,0.58203125,0.44535455,0.46875
11,0.50506765,0.51953125,0.44535455,0.46875
11,0.50086457,0.6015625,0.44535455,0.46875
11,0.4908046,0.69921875,0.44535455,0.46875
11,0.5045416,0.53515625,0.44535455,0.46875
11,0.5021439,0.5859375,0.44535455,0.46875
11,0.5055336,0.58984375,0.44535455,0.46875
11,0.5041135,0.59375,0.44535455,0.46875
11,0.49712855,0.58984375,0.44535455,0.46875
11,0.50331444,0.59765625,0.44535455,0.46875
11,0.49421144,0.64453125,0.44535455,0.46875
11,0.5074282,0.578125,0.44535455,0.46875
11,0.5015117,0.58203125,0.44535455,0.46875
11,0.4857812,0.7421875,0.44535455,0.46875
11,0.4981622,0.60546875,0.44535455,0.46875
11,0.50311095,0.56640625,0.44535455,0.46875
11,0.50577694,0.60546875,0.44535455,0.46875
11,0.5055875,0.55078125,0.44535455,0.46875
11,0.5110177,0.55859375,0.44535455,0.46875
11,0.51180077,0.48828125,0.44535455,0.46875
11,0.50380266,0.609375,0.44535455,0.46875
11,0.50127035,0.6328125,0.44535455,0.46875
11,0.49717215,0.65234375,0.44535455,0.46875
11,0.49384785,0.62890625,0.44535455,0.46875
11,0.49819702,0.62890625,0.44535455,0.46875
11,0.50379324,0.62109375,0.44535455,0.46875
11,0.4994615,0.54296875,0.44535455,0.46875
11,0.49700573,0.66015625,0.44535455,0.46875
11,0.51166826,0.52734375,0.44535455,0.46875
11,0.49307317,0.640625,0.44535455,0.46875
11,0.5023977,0.58203125,0.44535455,0.46875
11,0.49207574,0.6484375,0.44535455,0.46875
11,0.4930381,0.59765625,0.44535455,0.46875
11,0.5091452,0.55859375,0.44535455,0.46875
11,0.49430826,0.61328125,0.44535455,0.46875
11,0.50138277,0.59375,0.44535455,0.46875
11,0.50326383,0.6171875,0.44535455,0.46875
11,0.5056115,0.55078125,0.44535455,0.46875
11,0.49965477,0.62109375,0.44535455,0.46875
11,0.49700138,0.57421875,0.44535455,0.46875
11,0.48905802,0.671875,0.44535455,0.46875
11,0.4960118,0.60546875,0.44535455,0.46875
11,0.49943227,0.625,0.44535455,0.46875
11,0.5075573,0.55859375,0.44535455,0.46875
11,0.50603616,0.59765625,0.44535455,0.46875
11,0.5004099,0.6015625,0.44535455,0.46875
11,0.5054036,0.54296875,0.44535455,0.46875
11,0.4930296,0.66015625,0.44535455,0.46875
11,0.50914127,0.5,0.44535455,0.46875
11,0.49786177,0.578125,0.44535455,0.46875
11,0.5110053,0.53515625,0.44535455,0.46875
11,0.5035056,0.58203125,0.44535455,0.46875
11,0.487659,0.65625,0.44535455,0.46875
11,0.4992935,0.61328125,0.44535455,0.46875
11,0.4877529,0.69140625,0.44535455,0.46875
11,0.49178845,0.640625,0.44535455,0.46875
11,0.5013051,0.61328125,0.44535455,0.46875
11,0.49488255,0.65625,0.44535455,0.46875
11,0.5045883,0.5625,0.44535455,0.46875
11,0.50499386,0.6171875,0.44535455,0.46875
11,0.4887903,0.65234375,0.44535455,0.46875
11,0.4977719,0.58984375,0.44535455,0.46875
11,0.49638885,0.6328125,0.44535455,0.46875
11,0.49546477,0.578125,0.44535455,0.46875
11,0.50393933,0.58984375,0.44535455,0.46875
11,0.50117564,0.58203125,0.44535455,0.46875
11,0.5028738,0.609375,0.44535455,0.46875
11,0.5023291,0.578125,0.44535455,0.46875
11,0.49814057,0.6484375,0.44535455,0.46875
11,0.49702802,0.5625,0.44535455,0.46875
11,0.49546644,0.62890625,0.44535455,0.46875
11,0.4997842,0.57421875,0.44535455,0.46875
11,0.5069171,0.59375,0.44535455,0.46875
11,0.50588787,0.54296875,0.44535455,0.46875
11,0.49784347,0.60546875,0.44535455,0.46875
11,0.5000245,0.58984375,0.44535455,0.46875
11,0.49932548,0.6484375,0.44535455,0.46875
11,0.506707,0.55078125,0.44535455,0.46875
11,0.50272584,0.60546875,0.44535455,0.46875
11,0.5072401,0.55078125,0.44535455,0.46875
11,0.50326264,0.55859375,0.44535455,0.46875
11,0.5092693,0.52734375,0.44535455,0.46875
11,0.50347817,0.578125,0.44535455,0.46875
11,0.50246304,0.56640625,0.44535455,0.46875
11,0.4977955,0.609375,0.44535455,0.46875
11,0.4968782,0.6015625,0.44535455,0.46875
11,0.49664307,0.625,0.44535455,0.46875
11,0.4979109,0.59765625,0.44535455,0.46875
11,0.49143025,0.7109375,0.44535455,0.46875
11,0.4989653,0.63671875,0.44535455,0.46875
11,0.50569767,0.609375,0.44535455,0.46875
11,0.496402,0.63671875,0.44535455,0.46875
11,0.5049493,0.5625,0.44535455,0.46875
11,0.50355124,0.59765625,0.44535455,0.46875
11,0.50155574,0.6015625,0.44535455,0.46875
11,0.49869555,0.6015625,0.44535455,0.46875
11,0.499582,0.5703125,0.44535455,0.46875
11,0.5068965,0.546875,0.44535455,0.46875
11,0.49790213,0.60546875,0.44535455,0.46875
11,0.4936497,0.65234375,0.44535455,0.46875
11,0.49854353,0.578125,0.44535455,0.46875
11,0.49470475,0.6171875,0.44535455,0.46875
11,0.5060182,0.50390625,0.44535455,0.46875
11,0.48822185,0.65234375,0.44535455,0.46875
11,0.50508225,0.53125,0.44535455,0.46875
11,0.4878926,0.6953125,0.44535455,0.46875
11,0.4998177,0.6015625,0.44535455,0.46875
11,0.49823925,0.55078125,0.44535455,0.46875
11,0.5112833,0.50390625,0.44535455,0.46875
11,0.5081763,0.5390625,0.44535455,0.46875
11,0.4824799,0.68359375,0.44535455,0.46875
11,0.51049477,0.50390625,0.44535455,0.46875
11,0.49700823,0.6796875,0.44535455,0.46875
11,0.49834564,0.65625,0.44535455,0.46875
11,0.50285536,0.57421875,0.44535455,0.46875
11,0.51100487,0.53515625,0.44535455,0.46875
11,0.49844274,0.62890625,0.44535455,0.46875
11,0.5000673,0.61328125,0.44535455,0.46875
11,0.4978532,0.60546875,0.44535455,0.46875
11,0.5041241,0.55078125,0.44535455,0.46875
11,0.4981578,0.65234375,0.44535455,0.46875
11,0.5105863,0.515625,0.44535455,0.46875
11,0.5001286,0.578125,0.44535455,0.46875
11,0.5077609,0.55078125,0.44535455,0.46875
11,0.49708924,0.5859375,0.44535455,0.46875
11,0.50153875,0.57421875,0.44535455,0.46875
11,0.48510006,0.6796875,0.44535455,0.46875
11,0.5159527,0.51953125,0.44535455,0.46875
11,0.50526917,0.6015625,0.44535455,0.46875
11,0.49823183,0.60546875,0.44535455,0.46875
11,0.51178056,0.56640625,0.44535455,0.46875
11,0.4923571,0.6875,0.44535455,0.46875
11,0.49926135,0.6328125,0.44535455,0.46875
11,0.49499565,0.59375,0.44535455,0.46875
11,0.50188774,0.62109375,0.44535455,0.46875
11,0.5110706,0.49609375,0.44535455,0.46875
11,0.50062984,0.6015625,0.44535455,0.46875
11,0.49190316,0.640625,0.44535455,0.46875
11,0.5046721,0.609375,0.44535455,0.46875
11,0.5020398,0.55078125,0.44535455,0.46875
11,0.5035779,0.57421875,0.44535455,0.46875
11,0.5027182,0.57421875,0.44535455,0.46875
11,0.50256205,0.54296875,0.44535455,0.46875
11,0.50859433,0.55078125,0.44535455,0.46875
11,0.48979667,0.671875,0.44535455,0.46875
11,0.4951573,0.6171875,0.44535455,0.46875
11,0.4966022,0.6171875,0.44535455,0.46875
11,0.49812943,0.6328125,0.44535455,0.46875
11,0.5020977,0.57421875,0.44535455,0.46875
11,0.4890482,0.66015625,0.44535455,0.46875
11,0.50668883,0.5859375,0.44535455,0.46875
11,0.49028057,0.66796875,0.44535455,0.46875
11,0.50523525,0.62109375,0.44535455,0.46875
11,0.49931097,0.578125,0.44535455,0.46875
11,0.49422902,0.64453125,0.44535455,0.46875
11,0.49682328,0.62890625,0.44535455,0.46875
11,0.49962488,0.62109375,0.44535455,0.46875
11,0.497864,0.62890625,0.44535455,0.46875
11,0.49731588,0.59765625,0.44535455,0.46875
11,0.5090458,0.59375,0.44535455,0.46875
11,0.50098413,0.65625,0.44535455,0.46875
11,0.4992688,0.60546875,0.44535455,0.46875
11,0.5007862,0.5625,0.44535455,0.46875
11,0.5094529,0.55859375,0.44535455,0.46875
11,0.49060273,0.6171875,0.44535455,0.46875
11,0.49910787,0.58203125,0.44535455,0.46875
11,0.49562666,0.6484375,0.44535455,0.46875
11,0.5063429,0.5625,0.44535455,0.46875
11,0.50795376,0.5234375,0.44535455,0.46875
11,0.50438684,0.52734375,0.44535455,0.46875
11,0.49796352,0.65234375,0.44535455,0.46875
11,0.49725866,0.625,0.44535455,0.46875
11,0.49933907,0.625,0.44535455,0.46875
11,0.49369165,0.62890625,0.44535455,0.46875
11,0.50321734,0.5234375,0.44535455,0.46875
11,0.49289492,0.640625,0.44535455,0.46875
11,0.50763094,0.5390625,0.44535455,0.46875
11,0.4946135,0.68359375,0.44535455,0.46875
11,0.4969485,0.6328125,0.44535455,0.46875
11,0.48635215,0.69921875,0.44535455,0.46875
11,0.5065774,0.5703125,0.44535455,0.46875
11,0.49243164,0.62890625,0.44535455,0.46875
11,0.5084718,0.55078125,0.44535455,0.46875
11,0.50217885,0.5703125,0.44535455,0.46875
11,0.5034652,0.60546875,0.44535455,0.46875
11,0.4951822,0.6171875,0.44535455,0.46875
11,0.490727,0.71484375,0.44535455,0.46875
11,0.49724698,0.6171875,0.44535455,0.46875
11,0.49017403,0.6484375,0.44535455,0.46875
11,0.49863344,0.5859375,0.44535455,0.46875
11,0.4968187,0.62890625,0.44535455,0.46875
11,0.5000066,0.65625,0.44535455,0.46875
11,0.500306,0.6015625,0.44535455,0.46875
11,0.49958116,0.64453125,0.44535455,0.46875
11,0.49477455,0.58984375,0.44535455,0.46875
11,0.5032968,0.60546875,0.44535455,0.46875
11,0.49714702,0.609375,0.44535455,0.46875
11,0.49390486,0.67578125,0.44535455,0.46875
11,0.5028495,0.58203125,0.44535455,0.46875
11,0.49750143,0.60546875,0.44535455,0.46875
11,0.49661443,0.59765625,0.44535455,0.46875
11,0.49216944,0.671875,0.44535455,0.46875
11,0.49936253,0.59375,0.44535455,0.46875
11,0.49407098,0.6640625,0.44535455,0.46875
11,0.51246375,0.5078125,0.44535455,0.46875
11,0.4925755,0.5859375,0.44535455,0.46875
11,0.49443942,0.625,0.44535455,0.46875
11,0.49756828,0.62109375,0.44535455,0.46875
11,0.49164882,0.67578125,0.44535455,0.46875
11,0.49544764,0.64453125,0.44535455,0.46875
11,0.5049166,0.5390625,0.44535455,0.46875
11,0.50146693,0.6015625,0.44535455,0.46875
11,0.49597916,0.609375,0.44535455,0.46875
11,0.4967226,0.625,0.44535455,0.46875
11,0.49793845,0.5859375,0.44535455,0.46875
11,0.5121637,0.53515625,0.44535455,0.46875
11,0.49719405,0.59375,0.44535455,0.46875
11,0.49260134,0.62109375,0.44535455,0.46875
11,0.49685326,0.63671875,0.44535455,0.46875
11,0.50215226,0.6484375,0.44535455,0.46875
11,0.49162325,0.6484375,0.44535455,0.46875
11,0.49386787,0.6953125,0.44535455,0.46875
12,0.49898133,0.55859375,0.39664558,0.53125
12,0.50426537,0.609375,0.39664558,0.53125
12,0.49631193,0.59765625,0.39664558,0.53125
12,0.49509904,0.58203125,0.39664558,0.53125
12,0.49939722,0.58203125,0.39664558,0.53125
12,0.50143003,0.58984375,0.39664558,0.53125
12,0.50123584,0.58984375,0.39664558,0.53125
12,0.4836045,0.671875,0.39664558,0.53125
12,0.4991857,0.64453125,0.39664558,0.53125
12,0.5066078,0.6015625,0.39664558,0.53125
12,0.49672672,0.62109375,0.39664558,0.53125
12,0.4931817,0.66015625,0.39664558,0.53125
12,0.48982838,0.6484375,0.39664558,0.53125
12,0.50200045,0.578125,0.39664558,0.53125
12,0.49278,0.69140625,0.39664558,0.53125
12,0.497111,0.6640625,0.39664558,0.53125
12,0.49388367,0.6015625,0.39664558,0.53125
12,0.50346154,0.578125,0.39664558,0.53125
12,0.49239334,0.6953125,0.39664558,0.53125
12,0.4963765,0.5703125,0.39664558,0.53125
12,0.48027825,0.7109375,0.39664558,0.53125
12,0.504425,0.52734375,0.39664558,0.53125
12,0.49405497,0.63671875,0.39664558,0.53125
12,0.4990743,0.60546875,0.39664558,0.53125
12,0.5041648,0.55859375,0.39664558,0.53125
12,0.50016916,0.55859375,0.39664558,0.53125
12,0.48676682,0.65234375,0.39664558,0.53125
12,0.4945428,0.67578125,0.39664558,0.53125
12,0.49110323,0.64453125,0.39664558,0.53125
12,0.49700037,0.6015625,0.39664558,0.53125
12,0.49752864,0.6640625,0.39664558,0.53125
12,0.49641296,0.6640625,0.39664558,0.53125
12,0.49521765,0.59375,0.39664558,0.53125
12,0.4865286,0.69140625,0.39664558,0.53125
12,0.49834183,0.58203125,0.39664558,0.53125
12,0.50011635,0.5546875,0.39664558,0.53125
12,0.50514835,0.5546875,0.39664558,0.53125
12,0.5044492,0.5546875,0.39664558,0.53125
12,0.5049258,0.5625,0.39664558,0.53125
12,0.5004453,0.62109375,0.39664558,0.53125
12,0.49396148,0.66015625,0.39664558,0.53125
12,0.48969856,0.6171875,0.39664558,0.53125
12,0.49368468,0.609375,0.39664558,0.53125
12,0.49514064,0.640625,0.39664558,0.53125
12,0.48893815,0.64453125,0.39664558,0.53125
12,0.50011575,0.56640625,0.39664558,0.53125
12,0.49487543,0.609375,0.39664558,0.53125
12,0.495503,0.61328125,0.39664558,0.53125
12,0.50070745,0.56640625,0.39664558,0.53125
12,0.49693114,0.66015625,0.39664558,0.53125
12,0.49636683,0.59765625,0.39664558,0.53125
12,0.49990082,0.609375,0.39664558,0.53125
12,0.4974423,0.65234375,0.39664558,0.53125
12,0.49554476,0.6171875,0.39664558,0.53125
12,0.49249142,0.63671875,0.39664558,0.53125
12,0.4935458,0.63671875,0.39664558,0.53125
12,0.5035308,0.578125,0.39664558,0.53125
12,0.49891064,0.56640625,0.39664558,0.53125
12,0.4944825,0.65625,0.39664558,0.53125
12,0.503579,0.61328125,0.39664558,0.53125
12,0.49792856,0.5859375,0.39664558,0.53125
12,0.50783783,0.58203125,0.39664558,0.53125
12,0.51089114,0.4921875,0.39664558,0.53125
12,0.48993897,0.6796875,0.39664558,0.53125
12,0.49188873,0.62890625,0.39664558,0.53125
12,0.49449185,0.625,0.39664558,0.53125
12,0.4923752,0.6015625,0.39664558,0.53125
12,0.4882378,0.65234375,0.39664558,0.53125
12,0.48930624,0.609375,0.39664558,0.53125
12,0.48858237,0.625,0.39664558,0.53125
12,0.48945373,0.62890625,0.39664558,0.53125
12,0.48861527,0.69140625,0.39664558,0.53125
12,0.49956915,0.5859375,0.39664558,0.53125
12,0.4987445,0.6015625,0.39664558,0.53125
12,0.48806664,0.64453125,0.39664558,0.53125
12,0.49173647,0.6015625,0.39664558,0.53125
12,0.5047663,0.5546875,0.39664558,0.53125
12,0.49700323,0.6015625,0.39664558,0.53125
12,0.49273655,0.64453125,0.39664558,0.53125
12,0.4949915,0.68359375,0.39664558,0.53125
12,0.4933345,0.62890625,0.39664558,0.53125
12,0.4995641,0.6015625,0.39664558,0.53125
12,0.4915638,0.64453125,0.39664558,0.53125
12,0.501576,0.609375,0.39664558,0.53125
12,0.48542008,0.6484375,0.39664558,0.53125
12,0.5001159,0.578125,0.39664558,0.53125
12,0.49303022,0.61328125,0.39664558,0.53125
12,0.49236694,0.66015625,0.39664558,0.53125
12,0.49812916,0.57421875,0.39664558,0.53125
12,0.499626,0.61328125,0.39664558,0.53125
12,0.50014985,0.5859375,0.39664558,0.53125
12,0.49831292,0.6484375,0.39664558,0.53125
12,0.48789406,0.64453125,0.39664558,0.53125
12,0.49928862,0.58203125,0.39664558,0.53125
12,0.47753933,0.6875,0.39664558,0.53125
12,0.497586,0.62109375,0.39664558,0.53125
12,0.49606493,0.6484375,0.39664558,0.53125
12,0.50245976,0.5546875,0.39664558,0.53125
12,0.49608263,0.6484375,0.39664558,0.53125
12,0.4904994,0.62890625,0.39664558,0.53125
12,0.49742073,0.6640625,0.39664558,0.53125
12,0.5022716,0.55859375,0.39664558,0.53125
12,0.48892662,0.66015625,0.39664558,0.53125
12,0.4968588,0.58984375,0.39664558,0.53125
12,0.48355532,0.671875,0.39664558,0.53125
12,0.49567038,0.61328125,0.39664558,0.53125
12,0.48889136,0.63671875,0.39664558,0.53125
12,0.49250764,0.65234375,0.39664558,0.53125
12,0.50641304,0.5625,0.39664558,0.53125
12,0.5051189,0.53515625,0.39664558,0.53125
12,0.49124193,0.62109375,0.39664558,0.53125
12,0.49835902,0.625,0.39664558,0.53125
12,0.5021154,0.59375,0.39664558,0.53125
12,0.5020687,0.53125,0.39664558,0.53125
12,0.49349877,0.58203125,0.39664558,0.53125
12,0.49342135,0.55859375,0.39664558,0.53125
12,0.4846619,0.6875,0.39664558,0.53125
12,0.501146,0.578125,0.39664558,0.53125
12,0.49949104,0.5859375,0.39664558,0.53125
12,0.4915441,0.61328125,0.39664558,0.53125
12,0.49227864,0.6484375,0.39664558,0.53125
12,0.5047886,0.58203125,0.39664558,0.53125
12,0.50099015,0.61328125,0.39664558,0.53125
12,0.48969284,0.65625,0.39664558,0.53125
12,0.48639613,0.6953125,0.39664558,0.53125
12,0.5057173,0.55859375,0.39664558,0.53125
12,0.49660257,0.60546875,0.39664558,0.53125
12,0.4889849,0.63671875,0.39664558,0.53125
12,0.5121493,0.56640625,0.39664558,0.53125
12,0.4951785,0.6484375,0.39664558,0.53125
12,0.49805015,0.58203125,0.39664558,0.53125
12,0.49015155,0.6484375,0.39664558,0.53125
12,0.4930001,0.671875,0.39664558,0.53125
12,0.5014033,0.58984375,0.39664558,0.53125
12,0.49947816,0.62109375,0.39664558,0.53125
12,0.489546,0.62890625,0.39664558,0.53125
12,0.5031664,0.5625,0.39664558,0.53125
12,0.48883924,0.6796875,0.39664558,0.53125
12,0.4991922,0.59765625,0.39664558,0.53125
12,0.48154068,0.69921875,0.39664558,0.53125
12,0.49653783,0.62890625,0.39664558,0.53125
12,0.5059823,0.54296875,0.39664558,0.53125
12,0.49546784,0.62109375,0.39664558,0.53125
12,0.49128547,0.6328125,0.39664558,0.53125
12,0.49720648,0.63671875,0.39664558,0.53125
12,0.50444686,0.55078125,0.39664558,0.53125
12,0.48599762,0.6484375,0.39664558,0.53125
12,0.49849144,0.578125,0.39664558,0.53125
12,0.49579903,0.66015625,0.39664558,0.53125
12,0.5026144,0.55078125,0.39664558,0.53125
12,0.48796234,0.6640625,0.39664558,0.53125
12,0.4946435,0.625,0.39664558,0.53125
12,0.48459283,0.671875,0.39664558,0.53125
12,0.48092073,0.71484375,0.39664558,0.53125
12,0.4982376,0.59375,0.39664558,0.53125
12,0.493113,0.6484375,0.39664558,0.53125
12,0.49803728,0.5625,0.39664558,0.53125
12,0.49344316,0.671875,0.39664558,0.53125
12,0.48502666,0.703125,0.39664558,0.53125
12,0.4965343,0.6171875,0.39664558,0.53125
12,0.48742178,0.64453125,0.39664558,0.53125
12,0.48767278,0.69140625,0.39664558,0.53125
12,0.49253246,0.67578125,0.39664558,0.53125
12,0.492575,0.59375,0.39664558,0.53125
12,0.48766518,0.65625,0.39664558,0.53125
12,0.50222206,0.57421875,0.39664558,0.53125
12,0.48658773,0.6875,0.39664558,0.53125
12,0.4989543,0.5625,0.39664558,0.53125
12,0.49745226,0.59765625,0.39664558,0.53125
12,0.49116072,0.62109375,0.39664558,0.53125
12,0.49472803,0.59765625,0.39664558,0.53125
12,0.49042127,0.67578125,0.39664558,0.53125
12,0.49770266,0.58203125,0.39664558,0.53125
12,0.5030407,0.58203125,0.39664558,0.53125
12,0.48960146,0.64453125,0.39664558,0.53125
12,0.48862213,0.62890625,0.39664558,0.53125
12,0.49876693,0.6015625,0.39664558,0.53125
12,0.5043831,0.546875,0.39664558,0.53125
12,0.48850724,0.72265625,0.39664558,0.53125
12,0.49194112,0.6484375,0.39664558,0.53125
12,0.49364662,0.63671875,0.39664558,0.53125
12,0.49688315,0.6015625,0.39664558,0.53125
12,0.48627672,0.671875,0.39664558,0.53125
12,0.49355254,0.6171875,0.39664558,0.53125
12,0.49276796,0.61328125,0.39664558,0.53125
12,0.48255256,0.671875,0.39664558,0.53125
12,0.48857507,0.70703125,0.39664558,0.53125
12,0.4917399,0.65234375,0.39664558,0.53125
12,0.4966348,0.6484375,0.39664558,0.53125
12,0.4790682,0.68359375,0.39664558,0.53125
12,0.49252054,0.66796875,0.39664558,0.53125
12,0.49801248,0.62109375,0.39664558,0.53125
12,0.4963646,0.640625,0.39664558,0.53125
12,0.49803597,0.6328125,0.39664558,0.53125
12,0.4939885,0.62890625,0.39664558,0.53125
12,0.50295395,0.58984375,0.39664558,0.53125
12,0.4908149,0.609375,0.39664558,0.53125
12,0.49588203,0.609375,0.39664558,0.53125
12,0.49302164,0.65625,0.39664558,0.53125
12,0.4993086,0.578125,0.39664558,0.53125
12,0.4985366,0.58984375,0.39664558,0.53125
12,0.48574287,0.671875,0.39664558,0.53125
12,0.49520713,0.64453125,0.39664558,0.53125
12,0.4916748,0.62890625,0.39664558,0.53125
12,0.48693433,0.66796875,0.39664558,0.53125
12,0.5046928,0.5703125,0.39664558,0.53125
12,0.49938664,0.53515625,0.39664558,0.53125
12,0.5098699,0.49609375,0.39664558,0.53125
12,0.48875263,0.63671875,0.39664558,0.53125
12,0.4944014,0.5859375,0.39664558,0.53125
12,0.4889472,0.62109375,0.39664558,0.53125
12,0.49918428,0.55078125,0.39664558,0.53125
12,0.49510956,0.6328125,0.39664558,0.53125
12,0.4873331,0.6484375,0.39664558,0.53125
12,0.49520186,0.6328125,0.39664558,0.53125
12,0.4992447,0.59765625,0.39664558,0.53125
12,0.50069207,0.58984375,0.39664558,0.53125
12,0.4919385,0.66015625,0.39664558,0.53125
12,0.4994332,0.5859375,0.39664558,0.53125
12,0.5001007,0.60546875,0.39664558,0.53125
12,0.5006275,0.6015625,0.39664558,0.53125
12,0.4898598,0.64453125,0.39664558,0.53125
12,0.49056247,0.68359375,0.39664558,0.53125
12,0.48996606,0.64453125,0.39664558,0.53125
12,0.4882238,0.671875,0.39664558,0.53125
12,0.48866028,0.65234375,0.39664558,0.53125
12,0.4963992,0.54296875,0.39664558,0.53125
12,0.49031547,0.6015625,0.39664558,0.53125
12,0.48799148,0.62890625,0.39664558,0.53125
12,0.492642,0.71484375,0.39664558,0.53125
12,0.4891689,0.64453125,0.39664558,0.53125
12,0.49927732,0.56640625,0.39664558,0.53125
12,0.4893277,0.60546875,0.39664558,0.53125
12,0.50041676,0.57421875,0.39664558,0.53125
12,0.49893412,0.60546875,0.39664558,0.53125
12,0.4975616,0.5859375,0.39664558,0.53125
12,0.49411955,0.625,0.39664558,0.53125
12,0.49619994,0.62109375,0.39664558,0.53125
12,0.48508978,0.6796875,0.39664558,0.53125
12,0.4893272,0.6640625,0.39664558,0.53125
12,0.4974513,0.5859375,0.39664558,0.53125
12,0.49035472,0.64453125,0.39664558,0.53125
12,0.49816817,0.5703125,0.39664558,0.53125
12,0.4932764,0.63671875,0.39664558,0.53125
12,0.4906188,0.66796875,0.39664558,0.53125
12,0.50199944,0.55078125,0.39664558,0.53125
12,0.4953343,0.59375,0.39664558,0.53125
12,0.49146932,0.63671875,0.39664558,0.53125
12,0.48690176,0.66796875,0.39664558,0.53125
13,0.49226075,0.66015625,0.371168,0.6171875
13,0.48710772,0.671875,0.371168,0.6171875
13,0.49499682,0.6171875,0.371168,0.6171875
13,0.49626717,0.609375,0.371168,0.6171875
13,0.5032857,0.60546875,0.371168,0.6171875
13,0.4894362,0.640625,0.371168,0.6171875
13,0.49036926,0.6484375,0.371168,0.6171875
13,0.48845536,0.6484375,0.371168,0.6171875
13,0.48809263,0.671875,0.371168,0.6171875
13,0.4882777,0.6171875,0.371168,0.6171875
13,0.48642462,0.671875,0.371168,0.6171875
13,0.48989326,0.65234375,0.371168,0.6171875
13,0.48349524,0.68359375,0.371168,0.6171875
13,0.48699114,0.671875,0.371168,0.6171875
13,0.4892624,0.6484375,0.371168,0.6171875
13,0.49977776,0.5859375,0.371168,0.6171875
13,0.49597996,0.62109375,0.371168,0.6171875
13,0.49302477,0.625,0.371168,0.6171875
13,0.49269897,0.609375,0.371168,0.6171875
13,0.4920292,0.6171875,0.371168,0.6171875
13,0.48829323,0.66796875,0.371168,0.6171875
13,0.49851757,0.625,0.371168,0.6171875
13,0.48347965,0.6796875,0.371168,0.6171875
13,0.49625582,0.59375,0.371168,0.6171875
13,0.49163958,0.58203125,0.371168,0.6171875
13,0.49646345,0.57421875,0.371168,0.6171875
13,0.4888684,0.7109375,0.371168,0.6171875
13,0.49535704,0.578125,0.371168,0.6171875
13,0.50022364,0.59375,0.371168,0.6171875
13,0.5000759,0.5703125,0.371168,0.6171875
13,0.49520466,0.58203125,0.371168,0.6171875
13,0.49764815,0.6015625,0.371168,0.6171875
13,0.48922157,0.65625,0.371168,0.6171875
13,0.48504877,0.66796875,0.371168,0.6171875
13,0.493423,0.66796875,0.371168,0.6171875
13,0.4971201,0.58984375,0.371168,0.6171875
13,0.48378688,0.66015625,0.371168,0.6171875
13,0.48984864,0.6796875,0.371168,0.6171875
13,0.49828213,0.6171875,0.371168,0.6171875
13,0.5006028,0.6015625,0.371168,0.6171875
13,0.5036732,0.6015625,0.371168,0.6171875
13,0.4796185,0.6640625,0.371168,0.6171875
13,0.48296216,0.72265625,0.371168,0.6171875
13,0.48960805,0.640625,0.371168,0.6171875
13,0.49049106,0.67578125,0.371168,0.6171875
13,0.49256065,0.63671875,0.371168,0.6171875
13,0.48701864,0.65625,0.371168,0.6171875
13,0.4871054,0.6796875,0.371168,0.6171875
13,0.49648422,0.546875,0.371168,0.6171875
13,0.48929563,0.72265625,0.371168,0.6171875
13,0.48584768,0.63671875,0.371168,0.6171875
13,0.4882919,0.6484375,0.371168,0.6171875
13,0.48683056,0.69140625,0.371168,0.6171875
13,0.4956054,0.6171875,0.371168,0.6171875
13,0.48539305,0.65625,0.371168,0.6171875
13,0.48921388,0.625,0.371168,0.6171875
13,0.48513007,0.6796875,0.371168,0.6171875
13,0.4882229,0.66015625,0.371168,0.6171875
13,0.48568195,0.66015625,0.371168,0.6171875
13,0.49617782,0.66015625,0.371168,0.6171875
13,0.49579817,0.55859375,0.371168,0.6171875
13,0.49444237,0.6015625,0.371168,0.6171875
13,0.48787537,0.6953125,0.371168,0.6171875
13,0.49243906,0.5859375,0.371168,0.6171875
13,0.49969044,0.59765625,0.371168,0.6171875
13,0.49080345,0.62890625,0.371168,0.6171875
13,0.48878542,0.67578125,0.371168,0.6171875
13,0.5085801,0.54296875,0.371168,0.6171875
13,0.4865376,0.65625,0.371168,0.6171875
13,0.48677772,0.63671875,0.371168,0.6171875
13,0.48839146,0.64453125,0.371168,0.6171875
13,0.48796114,0.66015625,0.371168,0.6171875
13,0.48746082,0.68359375,0.371168,0.6171875
13,0.48384753,0.73046875,0.371168,0.6171875
13,0.49791652,0.58203125,0.371168,0.6171875
13,0.48740315,0.69921875,0.371168,0.6171875
13,0.4841544,0.671875,0.371168,0.6171875
13,0.49308532,0.59375,0.371168,0.6171875
13,0.49707362,0.59375,0.371168,0.6171875
13,0.501162,0.5859375,0.371168,0.6171875
13,0.48309228,0.6953125,0.371168,0.6171875
13,0.5050673,0.5703125,0.371168,0.6171875
13,0.49606636,0.59375,0.371168,0.6171875
13,0.49353215,0.57421875,0.371168,0.6171875
13,0.48989868,0.62890625,0.371168,0.6171875
13,0.4957262,0.62109375,0.371168,0.6171875
13,0.48957655,0.6484375,0.371168,0.6171875
13,0.49032912,0.5859375,0.371168,0.6171875
13,0.4972631,0.5859375,0.371168,0.6171875
13,0.4978447,0.6171875,0.371168,0.6171875
13,0.4948351,0.640625,0.371168,0.6171875
13,0.48404503,0.640625,0.371168,0.6171875
13,0.49146768,0.65625,0.371168,0.6171875
13,0.49798995,0.58203125,0.371168,0.6171875
13,0.49928412,0.63671875,0.371168,0.6171875
13,0.49757645,0.60546875,0.371168,0.6171875
13,0.4941716,0.64453125,0.371168,0.6171875
13,0.49420968,0.59375,0.371168,0.6171875
13,0.49592367,0.55859375,0.371168,0.6171875
13,0.49339008,0.64453125,0.371168,0.6171875
13,0.50060016,0.61328125,0.371168,0.6171875
13,0.50382096,0.5703125,0.371168,0.6171875
13,0.49820712,0.62109375,0.371168,0.6171875
13,0.49774477,0.62890625,0.371168,0.6171875
13,0.5062192,0.546875,0.371168,0.6171875
13,0.4936668,0.65625,0.371168,0.6171875
13,0.49254963,0.63671875,0.371168,0.6171875
13,0.499706,0.60546875,0.371168,0.6171875
13,0.48512667,0.6640625,0.371168,0.6171875
13,0.4891953,0.625,0.371168,0.6171875
13,0.49596038,0.609375,0.371168,0.6171875
13,0.49455762,0.5859375,0.371168,0.6171875
13,0.50107586,0.59765625,0.371168,0.6171875
13,0.48414108,0.64453125,0.371168,0.6171875
13,0.4946412,0.6171875,0.371168,0.6171875
13,0.49210888,0.69140625,0.371168,0.6171875
13,0.49263912,0.625,0.371168,0.6171875
13,0.48402244,0.68359375,0.371168,0.6171875
13,0.49129745,0.625,0.371168,0.6171875
13,0.4873933,0.67578125,0.371168,0.6171875
13,0.49259758,0.625,0.371168,0.6171875
13,0.49327996,0.59375,0.371168,0.6171875
13,0.48377022,0.69921875,0.371168,0.6171875
13,0.47946098,0.6953125,0.371168,0.6171875
13,0.47977298,0.74609375,0.371168,0.6171875
13,0.4829537,0.64453125,0.371168,0.6171875
13,0.48307228,0.6875,0.371168,0.6171875
13,0.49384102,0.69921875,0.371168,0.6171875
13,0.48990223,0.64453125,0.371168,0.6171875
13,0.48980093,0.640625,0.371168,0.6171875
13,0.491429,0.64453125,0.371168,0.6171875
13,0.4861412,0.67578125,0.371168,0.6171875
13,0.4977989,0.6015625,0.371168,0.6171875
13,0.4917377,0.6796875,0.371168,0.6171875
13,0.49067593,0.6484375,0.371168,0.6171875
13,0.49383327,0.65234375,0.371168,0.6171875
13,0.48080745,0.69140625,0.371168,0.6171875
13,0.4958691,0.6484375,0.371168,0.6171875
13,0.48491636,0.71875,0.371168,0.6171875
13,0.4805734,0.7578125,0.371168,0.6171875
13,0.48841706,0.6796875,0.371168,0.6171875
13,0.4881018,0.640625,0.371168,0.6171875
13,0.49297455,0.6328125,0.371168,0.6171875
13,0.4860034,0.70703125,0.371168,0.6171875
13,0.49999574,0.52734375,0.371168,0.6171875
13,0.5046304,0.55078125,0.371168,0.6171875
13,0.48650056,0.66015625,0.371168,0.6171875
13,0.48625007,0.671875,0.371168,0.6171875
13,0.48490277,0.63671875,0.371168,0.6171875
13,0.48818773,0.65234375,0.371168,0.6171875
13,0.48769468,0.62890625,0.371168,0.6171875
13,0.49216413,0.65625,0.371168,0.6171875
13,0.49442297,0.59375,0.371168,0.6171875
13,0.4859124,0.69921875,0.371168,0.6171875
13,0.4975658,0.56640625,0.371168,0.6171875
13,0.4964393,0.578125,0.371168,0.6171875
13,0.49794632,0.6015625,0.371168,0.6171875
13,0.48567787,0.67578125,0.371168,0.6171875
13,0.49268296,0.62890625,0.371168,0.6171875
13,0.48659474,0.6640625,0.371168,0.6171875
13,0.49483174,0.6328125,0.371168,0.6171875
13,0.48733303,0.6953125,0.371168,0.6171875
13,0.4886658,0.6171875,0.371168,0.6171875
13,0.4873733,0.6640625,0.371168,0.6171875
13,0.49093908,0.59765625,0.371168,0.6171875
13,0.4938825,0.625,0.371168,0.6171875
13,0.49027783,0.65234375,0.371168,0.6171875
13,0.49133706,0.6171875,0.371168,0.6171875
13,0.49481216,0.64453125,0.371168,0.6171875
13,0.48039216,0.69140625,0.371168,0.6171875
13,0.49899334,0.5703125,0.371168,0.6171875
13,0.49989685,0.60546875,0.371168,0.6171875
13,0.49218217,0.59765625,0.371168,0.6171875
13,0.47789437,0.734375,0.371168,0.6171875
13,0.492452,0.640625,0.371168,0.6171875
13,0.49986362,0.6015625,0.371168,0.6171875
13,0.5005814,0.5859375,0.371168,0.6171875
13,0.49334523,0.65234375,0.371168,0.6171875
13,0.4992108,0.59765625,0.371168,0.6171875
13,0.49645862,0.6171875,0.371168,0.6171875
13,0.49289915,0.62109375,0.371168,0.6171875
13,0.49247026,0.5625,0.371168,0.6171875
13,0.5002201,0.5625,0.371168,0.6171875
13,0.4904117,0.625,0.371168,0.6171875
13,0.48112848,0.67578125,0.371168,0.6171875
13,0.49245664,0.6328125,0.371168,0.6171875
13,0.4923841,0.59375,0.371168,0.6171875
13,0.49599424,0.57421875,0.371168,0.6171875
13,0.48795155,0.640625,0.371168,0.6171875
13,0.4909041,0.625,0.371168,0.6171875
13,0.49255377,0.62109375,0.371168,0.6171875
13,0.49307576,0.6484375,0.371168,0.6171875
13,0.47381225,0.71875,0.371168,0.6171875
13,0.4945362,0.60546875,0.371168,0.6171875
13,0.47871986,0.7578125,0.371168,0.6171875
13,0.49165544,0.62890625,0.371168,0.6171875
13,0.4971828,0.5625,0.371168,0.6171875
13,0.4923262,0.59765625,0.371168,0.6171875
13,0.49491364,0.60546875,0.371168,0.6171875
13,0.49864176,0.58984375,0.371168,0.6171875
13,0.4888251,0.7421875,0.371168,0.6171875
13,0.49123138,0.6953125,0.371168,0.6171875
13,0.4957046,0.5625,0.371168,0.6171875
13,0.49958685,0.5859375,0.371168,0.6171875
13,0.4893828,0.61328125,0.371168,0.6171875
13,0.48711315,0.625,0.371168,0.6171875
13,0.49961427,0.59765625,0.371168,0.6171875
13,0.48316035,0.6796875,0.371168,0.6171875
13,0.47776338,0.6875,0.371168,0.6171875
13,0.48765278,0.64453125,0.371168,0.6171875
13,0.48971152,0.6484375,0.371168,0.6171875
13,0.48430204,0.6328125,0.371168,0.6171875
13,0.48914418,0.66015625,0.371168,0.6171875
13,0.48216566,0.66015625,0.371168,0.6171875
13,0.4976376,0.578125,0.371168,0.6171875
13,0.485891,0.66015625,0.371168,0.6171875
13,0.48180225,0.66796875,0.371168,0.6171875
13,0.4966039,0.63671875,0.371168,0.6171875
13,0.49273172,0.67578125,0.371168,0.6171875
13,0.49036795,0.6328125,0.371168,0.6171875
13,0.48996285,0.64453125,0.371168,0.6171875
13,0.48648673,0.671875,0.371168,0.6171875
13,0.49410263,0.60546875,0.371168,0.6171875
13,0.48806557,0.64453125,0.371168,0.6171875
13,0.49297556,0.67578125,0.371168,0.6171875
13,0.4821017,0.69921875,0.371168,0.6171875
13,0.4927434,0.59765625,0.371168,0.6171875
13,0.48297003,0.6875,0.371168,0.6171875
13,0.47841617,0.72265625,0.371168,0.6171875
13,0.489873,0.60546875,0.371168,0.6171875
13,0.49291816,0.62890625,0.371168,0.6171875
13,0.48625228,0.67578125,0.371168,0.6171875
13,0.48818806,0.66015625,0.371168,0.6171875
13,0.48499456,0.66796875,0.371168,0.6171875
13,0.49505326,0.6484375,0.371168,0.6171875
13,0.4879089,0.640625,0.371168,0.6171875
13,0.49371004,0.58984375,0.371168,0.6171875
13,0.49456277,0.69921875,0.371168,0.6171875
13,0.48870462,0.63671875,0.371168,0.6171875
13,0.4945212,0.6171875,0.371168,0.6171875
13,0.4855506,0.6640625,0.371168,0.6171875
13,0.49611306,0.6328125,0.371168,0.6171875
13,0.48365933,0.6875,0.371168,0.6171875
13,0.48982224,0.671875,0.371168,0.6171875
13,0.49829045,0.5703125,0.371168,0.6171875
13,0.4981312,0.609375,0.371168,0.6171875
13,0.49276775,0.69140625,0.371168,0.6171875
13,0.48566982,0.62890625,0.371168,0.6171875
13,0.4893896,0.6796875,0.371168,0.6171875
14,0.49229616,0.6015625,0.37426013,0.5625
14,0.48776326,0.68359375,0.37426013,0.5625
14,0.48214784,0.6875,0.37426013,0.5625
14,0.48724332,0.69140625,0.37426013,0.5625
14,0.49368593,0.6484375,0.37426013,0.5625
14,0.49003914,0.65234375,0.37426013,0.5625
14,0.48977637,0.64453125,0.37426013,0.5625
14,0.49615186,0.6171875,0.37426013,0.5625
14,0.48966947,0.66015625,0.37426013,0.5625
14,0.4864019,0.6640625,0.37426013,0.5625
14,0.48543334,0.68359375,0.37426013,0.5625
14,0.49639606,0.58984375,0.37426013,0.5625
14,0.4834444,0.65234375,0.37426013,0.5625
14,0.48948127,0.6875,0.37426013,0.5625
14,0.4889775,0.61328125,0.37426013,0.5625
14,0.48464325,0.65625,0.37426013,0.5625
14,0.4873547,0.6953125,0.37426013,0.5625
14,0.4906693,0.640625,0.37426013,0.5625
14,0.48189446,0.69140625,0.37426013,0.5625
14,0.4852303,0.66015625,0.37426013,0.5625
14,0.48937854,0.66796875,0.37426013,0.5625
14,0.49463317,0.609375,0.37426013,0.5625
14,0.4844511,0.67578125,0.37426013,0.5625
14,0.48965624,0.6796875,0.37426013,0.5625
14,0.49406338,0.58203125,0.37426013,0.5625
14,0.48725155,0.63671875,0.37426013,0.5625
14,0.487694,0.640625,0.37426013,0.5625
14,0.49047422,0.6484375,0.37426013,0.5625
14,0.48524043,0.671875,0.37426013,0.5625
14,0.49149546,0.6015625,0.37426013,0.5625
14,0.4832661,0.66796875,0.37426013,0.5625
14,0.49159065,0.64453125,0.37426013,0.5625
14,0.48376036,0.6640625,0.37426013,0.5625
14,0.4896057,0.65234375,0.37426013,0.5625
14,0.48841697,0.67578125,0.37426013,0.5625
14,0.4825244,0.703125,0.37426013,0.5625
14,0.4882827,0.63671875,0.37426013,0.5625
14,0.49309584,0.60546875,0.37426013,0.5625
14,0.48350844,0.65234375,0.37426013,0.5625
14,0.49387214,0.6328125,0.37426013,0.5625
14,0.4865667,0.6484375,0.37426013,0.5625
14,0.49116537,0.62109375,0.37426013,0.5625
14,0.48218557,0.69140625,0.37426013,0.5625
14,0.49309683,0.61328125,0.37426013,0.5625
14,0.49373728,0.58984375,0.37426013,0.5625
14,0.49107528,0.6171875,0.37426013,0.5625
14,0.48543212,0.65234375,0.37426013,0.5625
14,0.49242523,0.59765625,0.37426013,0.5625
14,0.4876423,0.68359375,0.37426013,0.5625
14,0.48318002,0.6875,0.37426013,0.5625
14,0.49183217,0.64453125,0.37426013,0.5625
14,0.49749988,0.5703125,0.37426013,0.5625
14,0.49162814,0.6640625,0.37426013,0.5625
14,0.49463573,0.58203125,0.37426013,0.5625
14,0.4887364,0.66015625,0.37426013,0.5625
14,0.487735,0.71875,0.37426013,0.5625
14,0.5013128,0.53515625,0.37426013,0.5625
14,0.4972399,0.640625,0.37426013,0.5625
14,0.48932248,0.66796875,0.37426013,0.5625
14,0.479496,0.71484375,0.37426013,0.5625
14,0.49089786,0.69140625,0.37426013,0.5625
14,0.49198037,0.63671875,0.37426013,0.5625
14,0.49566594,0.60546875,0.37426013,0.5625
14,0.48838905,0.69140625,0.37426013,0.5625
14,0.48751125,0.66796875,0.37426013,0.5625
14,0.4879506,0.66015625,0.37426013,0.5625
14,0.4905309,0.61328125,0.37426013,0.5625
14,0.47262397,0.73828125,0.37426013,0.5625
14,0.48371196,0.65234375,0.37426013,0.5625
14,0.4837379,0.68359375,0.37426013,0.5625
14,0.5018382,0.56640625,0.37426013,0.5625
14,0.4964101,0.578125,0.37426013,0.5625
14,0.4993116,0.58203125,0.37426013,0.5625
14,0.47841793,0.71875,0.37426013,0.5625
14,0.4880759,0.67578125,0.37426013,0.5625
14,0.48910883,0.6640625,0.37426013,0.5625
14,0.4920082,0.609375,0.37426013,0.5625
14,0.50022155,0.578125,0.37426013,0.5625
14,0.48676708,0.703125,0.37426013,0.5625
14,0.4920967,0.59765625,0.37426013,0.5625
14,0.4811256,0.72265625,0.37426013,0.5625
14,0.48996073,0.57421875,0.37426013,0.5625
14,0.49227253,0.66796875,0.37426013,0.5625
14,0.48040214,0.6484375,0.37426013,0.5625
14,0.50104207,0.5546875,0.37426013,0.5625
14,0.48507172,0.65625,0.37426013,0.5625
14,0.49099445,0.62890625,0.37426013,0.5625
14,0.48925263,0.63671875,0.37426013,0.5625
14,0.4998643,0.5859375,0.37426013,0.5625
14,0.47891515,0.69140625,0.37426013,0.5625
14,0.47663972,0.7265625,0.37426013,0.5625
14,0.49713543,0.60546875,0.37426013,0.5625
14,0.48985457,0.66015625,0.37426013,0.5625
14,0.48873538,0.65625,0.37426013,0.5625
14,0.4842043,0.69921875,0.37426013,0.5625
14,0.48788556,0.67578125,0.37426013,0.5625
14,0.4916325,0.6640625,0.37426013,0.5625
14,0.4867423,0.73046875,0.37426013,0.5625
14,0.48889735,0.64453125,0.37426013,0.5625
14,0.49465021,0.640625,0.37426013,0.5625
14,0.4842475,0.65234375,0.37426013,0.5625
14,0.48595926,0.66015625,0.37426013,0.5625
14,0.4941563,0.61328125,0.37426013,0.5625
14,0.48699117,0.67578125,0.37426013,0.5625
14,0.49894556,0.60546875,0.37426013,0.5625
14,0.49184957,0.59765625,0.37426013,0.5625
14,0.48802227,0.66015625,0.37426013,0.5625
14,0.49296924,0.625,0.37426013,0.5625
14,0.48618045,0.6640625,0.37426013,0.5625
14,0.49185422,0.58203125,0.37426013,0.5625
14,0.4794659,0.6953125,0.37426013,0.5625
14,0.49626535,0.64453125,0.37426013,0.5625
14,0.48441654,0.6640625,0.37426013,0.5625
14,0.49780995,0.59765625,0.37426013,0.5625
14,0.4843383,0.6796875,0.37426013,0.5625
14,0.4912675,0.63671875,0.37426013,0.5625
14,0.49387047,0.57421875,0.37426013,0.5625
14,0.5013191,0.5859375,0.37426013,0.5625
14,0.4982155,0.58984375,0.37426013,0.5625
14,0.47998402,0.76171875,0.37426013,0.5625
14,0.4891573,0.6328125,0.37426013,0.5625
14,0.4883676,0.63671875,0.37426013,0.5625
14,0.48989144,0.67578125,0.37426013,0.5625
14,0.49233893,0.59375,0.37426013,0.5625
14,0.47820643,0.7265625,0.37426013,0.5625
14,0.48454788,0.70703125,0.37426013,0.5625
14,0.48747396,0.7265625,0.37426013,0.5625
14,0.47551093,0.70703125,0.37426013,0.5625
14,0.4864271,0.671875,0.37426013,0.5625
14,0.48450616,0.59765625,0.37426013,0.5625
14,0.48869795,0.6953125,0.37426013,0.5625
14,0.48651195,0.6796875,0.37426013,0.5625
14,0.49127892,0.65234375,0.37426013,0.5625
14,0.49304423,0.6328125,0.37426013,0.5625
14,0.48179108,0.7109375,0.37426013,0.5625
14,0.48608765,0.59375,0.37426013,0.5625
14,0.48252067,0.6640625,0.37426013,0.5625
14,0.49514118,0.60546875,0.37426013,0.5625
14,0.49881274,0.58984375,0.37426013,0.5625
14,0.49078682,0.64453125,0.37426013,0.5625
14,0.49327287,0.59375,0.37426013,0.5625
14,0.491776,0.6328125,0.37426013,0.5625
14,0.48805213,0.609375,0.37426013,0.5625
14,0.49708766,0.5546875,0.37426013,0.5625
14,0.4835212,0.71484375,0.37426013,0.5625
14,0.48305675,0.62890625,0.37426013,0.5625
14,0.48211664,0.68359375,0.37426013,0.5625
14,0.48076096,0.6953125,0.37426013,0.5625
14,0.48909345,0.65625,0.37426013,0.5625
14,0.48668876,0.67578125,0.37426013,0.5625
14,0.49381572,0.64453125,0.37426013,0.5625
14,0.4844148,0.6796875,0.37426013,0.5625
14,0.48779413,0.6640625,0.37426013,0.5625
14,0.48376587,0.671875,0.37426013,0.5625
14,0.48876032,0.66796875,0.37426013,0.5625
14,0.4888527,0.60546875,0.37426013,0.5625
14,0.48535734,0.72265625,0.37426013,0.5625
14,0.49015853,0.6328125,0.37426013,0.5625
14,0.48469958,0.65234375,0.37426013,0.5625
14,0.48586586,0.7109375,0.37426013,0.5625
14,0.4810157,0.69140625,0.37426013,0.5625
14,0.48741546,0.64453125,0.37426013,0.5625
14,0.490747,0.625,0.37426013,0.5625
14,0.48653254,0.6640625,0.37426013,0.5625
14,0.47745302,0.6875,0.37426013,0.5625
14,0.48196977,0.671875,0.37426013,0.5625
14,0.4862464,0.6328125,0.37426013,0.5625
14,0.48295125,0.6953125,0.37426013,0.5625
14,0.4886876,0.65234375,0.37426013,0.5625
14,0.48432967,0.6484375,0.37426013,0.5625
14,0.49226993,0.65625,0.37426013,0.5625
14,0.4963708,0.62109375,0.37426013,0.5625
14,0.4890179,0.6484375,0.37426013,0.5625
14,0.48686287,0.63671875,0.37426013,0.5625
14,0.4926156,0.62109375,0.37426013,0.5625
14,0.48949987,0.65234375,0.37426013,0.5625
14,0.48647675,0.69921875,0.37426013,0.5625
14,0.48715585,0.671875,0.37426013,0.5625
14,0.4696471,0.73828125,0.37426013,0.5625
14,0.49112755,0.6640625,0.37426013,0.5625
14,0.48713383,0.6640625,0.37426013,0.5625
14,0.4812761,0.671875,0.37426013,0.5625
14,0.49089056,0.6484375,0.37426013,0.5625
14,0.47990894,0.7265625,0.37426013,0.5625
14,0.49475685,0.60546875,0.37426013,0.5625
14,0.49121055,0.6328125,0.37426013,0.5625
14,0.48898283,0.66796875,0.37426013,0.5625
14,0.48767278,0.66015625,0.37426013,0.5625
14,0.49424177,0.60546875,0.37426013,0.5625
14,0.4759895,0.71484375,0.37426013,0.5625
14,0.48796502,0.66015625,0.37426013,0.5625
14,0.4910314,0.6640625,0.37426013,0.5625
14,0.4757133,0.71875,0.37426013,0.5625
14,0.4835855,0.69140625,0.37426013,0.5625
14,0.4755638,0.70703125,0.37426013,0.5625
14,0.47627148,0.70703125,0.37426013,0.5625
14,0.4856252,0.640625,0.37426013,0.5625
14,0.4823479,0.66015625,0.37426013,0.5625
14,0.48359197,0.6640625,0.37426013,0.5625
14,0.47761542,0.640625,0.37426013,0.5625
14,0.4867944,0.66015625,0.37426013,0.5625
14,0.48832613,0.671875,0.37426013,0.5625
14,0.49484375,0.6171875,0.37426013,0.5625
14,0.50225246,0.5546875,0.37426013,0.5625
14,0.4787393,0.7265625,0.37426013,0.5625
14,0.48453784,0.6640625,0.37426013,0.5625
14,0.48513204,0.640625,0.37426013,0.5625
14,0.4772387,0.703125,0.37426013,0.5625
14,0.47054544,0.74609375,0.37426013,0.5625
14,0.47714636,0.6796875,0.37426013,0.5625
14,0.4966276,0.6015625,0.37426013,0.5625
14,0.4929271,0.640625,0.37426013,0.5625
14,0.492486,0.625,0.37426013,0.5625
14,0.48479706,0.65625,0.37426013,0.5625
14,0.47627148,0.7109375,0.37426013,0.5625
14,0.4873125,0.6796875,0.37426013,0.5625
14,0.48643154,0.66796875,0.37426013,0.5625
14,0.49119398,0.63671875,0.37426013,0.5625
14,0.48989555,0.6640625,0.37426013,0.5625
14,0.48842287,0.6953125,0.37426013,0.5625
14,0.48600262,0.65625,0.37426013,0.5625
14,0.48506668,0.71484375,0.37426013,0.5625
14,0.48964915,0.63671875,0.37426013,0.5625
14,0.47668013,0.7265625,0.37426013,0.5625
14,0.48923382,0.6875,0.37426013,0.5625
14,0.4857122,0.6328125,0.37426013,0.5625
14,0.4779072,0.73828125,0.37426013,0.5625
14,0.4858996,0.6484375,0.37426013,0.5625
14,0.49623284,0.5625,0.37426013,0.5625
14,0.49243394,0.640625,0.37426013,0.5625
14,0.4801252,0.65234375,0.37426013,0.5625
14,0.48536044,0.671875,0.37426013,0.5625
14,0.47787628,0.73046875,0.37426013,0.5625
14,0.4847359,0.60546875,0.37426013,0.5625
14,0.49466366,0.57421875,0.37426013,0.5625
14,0.48474726,0.671875,0.37426013,0.5625
14,0.4859643,0.65234375,0.37426013,0.5625
14,0.47046253,0.73046875,0.37426013,0.5625
14,0.48642662,0.66796875,0.37426013,0.5625
14,0.48771444,0.62890625,0.37426013,0.5625
14,0.50169045,0.57421875,0.37426013,0.5625
14,0.48316178,0.671875,0.37426013,0.5625
14,0.4824628,0.65625,0.37426013,0.5625
14,0.49371123,0.58984375,0.37426013,0.5625
14,0.4933626,0.61328125,0.37426013,0.5625
14,0.49219027,0.6328125,0.37426013,0.5625
14,0.48617798,0.640625,0.37426013,0.5625
14,0.477627,0.72265625,0.37426013,0.5625
14,0.485729,0.69140625,0.37426013,0.5625
15,0.48080006,0.66796875,0.36944625,0.625
15,0.48339733,0.703125,0.36944625,0.625
15,0.48502102,0.6796875,0.36944625,0.625
15,0.47644898,0.6875,0.36944625,0.625
15,0.48671025,0.6484375,0.36944625,0.625
15,0.46665528,0.80078125,0.36944625,0.625
15,0.4829209,0.6796875,0.36944625,0.625
15,0.47586632,0.703125,0.36944625,0.625
15,0.4933255,0.61328125,0.36944625,0.625
15,0.48313856,0.7109375,0.36944625,0.625
15,0.48657972,0.63671875,0.36944625,0.625
15,0.49591342,0.59375,0.36944625,0.625
15,0.47252518,0.76171875,0.36944625,0.625
15,0.48215073,0.6796875,0.36944625,0.625
15,0.47893366,0.7109375,0.36944625,0.625
15,0.49126932,0.671875,0.36944625,0.625
15,0.48675194,0.61328125,0.36944625,0.625
15,0.4808108,0.67578125,0.36944625,0.625
15,0.47751692,0.73828125,0.36944625,0.625
15,0.47783282,0.7109375,0.36944625,0.625
15,0.4943505,0.60546875,0.36944625,0.625
15,0.48073265,0.65625,0.36944625,0.625
15,0.47938442,0.703125,0.36944625,0.625
15,0.47673628,0.69921875,0.36944625,0.625
15,0.48212412,0.67578125,0.36944625,0.625
15,0.48836926,0.625,0.36944625,0.625
15,0.48755786,0.60546875,0.36944625,0.625
15,0.4866813,0.625,0.36944625,0.625
15,0.48427513,0.67578125,0.36944625,0.625
15,0.4811804,0.6640625,0.36944625,0.625
15,0.48112366,0.70703125,0.36944625,0.625
15,0.48846406,0.6796875,0.36944625,0.625
15,0.48422983,0.65234375,0.36944625,0.625
15,0.48003834,0.65234375,0.36944625,0.625
15,0.4848433,0.64453125,0.36944625,0.625
15,0.4809971,0.67578125,0.36944625,0.625
15,0.48876122,0.6875,0.36944625,0.625
15,0.48489043,0.66796875,0.36944625,0.625
15,0.49321398,0.57421875,0.36944625,0.625
15,0.47934225,0.70703125,0.36944625,0.625
15,0.48374328,0.73046875,0.36944625,0.625
15,0.48098072,0.7265625,0.36944625,0.625
15,0.49331707,0.6484375,0.36944625,0.625
15,0.4856667,0.6796875,0.36944625,0.625
15,0.49206856,0.625,0.36944625,0.625
15,0.4819834,0.671875,0.36944625,0.625
15,0.4901034,0.6484375,0.36944625,0.625
15,0.49293545,0.65234375,0.36944625,0.625
15,0.47959134,0.6953125,0.36944625,0.625
15,0.49846274,0.578125,0.36944625,0.625
15,0.49396724,0.58203125,0.36944625,0.625
15,0.48210102,0.67578125,0.36944625,0.625
15,0.48040596,0.671875,0.36944625,0.625
15,0.49028578,0.64453125,0.36944625,0.625
15,0.4777076,0.6640625,0.36944625,0.625
15,0.47745872,0.7109375,0.36944625,0.625
15,0.48709783,0.66015625,0.36944625,0.625
15,0.49347243,0.6171875,0.36944625,0.625
15,0.48333493,0.69140625,0.36944625,0.625
15,0.4818593,0.65625,0.36944625,0.625
15,0.48537546,0.66015625,0.36944625,0.625
15,0.47898647,0.71484375,0.36944625,0.625
15,0.4621637,0.79296875,0.36944625,0.625
15,0.49391007,0.66015625,0.36944625,0.625
15,0.4831563,0.6875,0.36944625,0.625
15,0.4884335,0.625,0.36944625,0.625
15,0.49413505,0.609375,0.36944625,0.625
15,0.47884622,0.69921875,0.36944625,0.625
15,0.47489056,0.71484375,0.36944625,0.625
15,0.47683266,0.75390625,0.36944625,0.625
15,0.47723252,0.68359375,0.36944625,0.625
15,0.4915584,0.60546875,0.36944625,0.625
15,0.48986912,0.59765625,0.36944625,0.625
15,0.4826308,0.65625,0.36944625,0.625
15,0.48439074,0.7109375,0.36944625,0.625
15,0.48163557,0.6953125,0.36944625,0.625
15,0.49250078,0.6328125,0.36944625,0.625
15,0.4726401,0.66796875,0.36944625,0.625
15,0.4904899,0.73046875,0.36944625,0.625
15,0.47642654,0.72265625,0.36944625,0.625
15,0.4853634,0.6328125,0.36944625,0.625
15,0.4838116,0.671875,0.36944625,0.625
15,0.47498122,0.671875,0.36944625,0.625
15,0.48636293,0.68359375,0.36944625,0.625
15,0.49009615,0.62890625,0.36944625,0.625
15,0.47877082,0.7109375,0.36944625,0.625
15,0.4879355,0.609375,0.36944625,0.625
15,0.48418084,0.671875,0.36944625,0.625
15,0.48093528,0.69140625,0.36944625,0.625
15,0.49012515,0.62890625,0.36944625,0.625
15,0.49802044,0.57421875,0.36944625,0.625
15,0.48877543,0.64453125,0.36944625,0.625
15,0.48895887,0.66796875,0.36944625,0.625
15,0.4820011,0.671875,0.36944625,0.625
15,0.484718,0.66015625,0.36944625,0.625
15,0.48218626,0.67578125,0.36944625,0.625
15,0.48643002,0.67578125,0.36944625,0.625
15,0.47888258,0.68359375,0.36944625,0.625
15,0.4788377,0.68359375,0.36944625,0.625
15,0.4917937,0.58984375,0.36944625,0.625
15,0.49317774,0.57421875,0.36944625,0.625
15,0.48750216,0.6484375,0.36944625,0.625
15,0.48462003,0.64453125,0.36944625,0.625
15,0.49347177,0.6171875,0.36944625,0.625
15,0.48914686,0.63671875,0.36944625,0.625
15,0.4728992,0.68359375,0.36944625,0.625
15,0.4921531,0.6875,0.36944625,0.625
15,0.49497247,0.55859375,0.36944625,0.625
15,0.48899063,0.625,0.36944625,0.625
15,0.48527017,0.625,0.36944625,0.625
15,0.4916323,0.63671875,0.36944625,0.625
15,0.48491988,0.640625,0.36944625,0.625
15,0.4874293,0.625,0.36944625,0.625
15,0.48643875,0.65234375,0.36944625,0.625
15,0.49747702,0.5859375,0.36944625,0.625
15,0.49079636,0.5859375,0.36944625,0.625
15,0.48098516,0.7109375,0.36944625,0.625
15,0.48727497,0.65625,0.36944625,0.625
15,0.47380686,0.72265625,0.36944625,0.625
15,0.47400755,0.6875,0.36944625,0.625
15,0.4782981,0.68359375,0.36944625,0.625
15,0.47723946,0.73046875,0.36944625,0.625
15,0.4901149,0.63671875,0.36944625,0.625
15,0.4874916,0.6484375,0.36944625,0.625
15,0.49384403,0.64453125,0.36944625,0.625
15,0.47815034,0.71875,0.36944625,0.625
15,0.47682568,0.66015625,0.36944625,0.625
15,0.4835878,0.69140625,0.36944625,0.625
15,0.4988384,0.57421875,0.36944625,0.625
15,0.47602496,0.7109375,0.36944625,0.625
15,0.48242977,0.66796875,0.36944625,0.625
15,0.48175758,0.65625,0.36944625,0.625
15,0.48281342,0.66015625,0.36944625,0.625
15,0.48821306,0.6796875,0.36944625,0.625
15,0.48019627,0.75390625,0.36944625,0.625
15,0.48208472,0.73046875,0.36944625,0.625
15,0.47789755,0.70703125,0.36944625,0.625
15,0.4949418,0.609375,0.36944625,0.625
15,0.48951793,0.60546875,0.36944625,0.625
15,0.4911057,0.6484375,0.36944625,0.625
15,0.49261203,0.63671875,0.36944625,0.625
15,0.48641804,0.6640625,0.36944625,0.625
15,0.48279056,0.6875,0.36944625,0.625
15,0.48450437,0.63671875,0.36944625,0.625
15,0.4931893,0.5546875,0.36944625,0.625
15,0.4976831,0.60546875,0.36944625,0.625
15,0.47497723,0.72265625,0.36944625,0.625
15,0.48523855,0.66796875,0.36944625,0.625
15,0.48241904,0.6484375,0.36944625,0.625
15,0.4774962,0.71484375,0.36944625,0.625
15,0.48100257,0.66015625,0.36944625,0.625
15,0.4951802,0.609375,0.36944625,0.625
15,0.48355892,0.62109375,0.36944625,0.625
15,0.47959703,0.71875,0.36944625,0.625
15,0.4838748,0.625,0.36944625,0.625
15,0.4860684,0.59765625,0.36944625,0.625
15,0.48478815,0.64453125,0.36944625,0.625
15,0.4831143,0.62890625,0.36944625,0.625
15,0.48856026,0.65234375,0.36944625,0.625
15,0.48500395,0.64453125,0.36944625,0.625
15,0.47880337,0.6796875,0.36944625,0.625
15,0.48426437,0.6640625,0.36944625,0.625
15,0.48389265,0.6796875,0.36944625,0.625
15,0.47790986,0.6796875,0.36944625,0.625
15,0.4964477,0.58203125,0.36944625,0.625
15,0.48336098,0.671875,0.36944625,0.625
15,0.4852504,0.66015625,0.36944625,0.625
15,0.47623104,0.7265625,0.36944625,0.625
15,0.4888837,0.6484375,0.36944625,0.625
15,0.48360702,0.69140625,0.36944625,0.625
15,0.47959566,0.6171875,0.36944625,0.625
15,0.48496363,0.6328125,0.36944625,0.625
15,0.47677478,0.734375,0.36944625,0.625
15,0.4872756,0.609375,0.36944625,0.625
15,0.48522803,0.69921875,0.36944625,0.625
15,0.47955132,0.69921875,0.36944625,0.625
15,0.4820535,0.6875,0.36944625,0.625
15,0.49397564,0.609375,0.36944625,0.625
15,0.48683548,0.66015625,0.36944625,0.625
15,0.4870047,0.63671875,0.36944625,0.625
15,0.488082,0.6328125,0.36944625,0.625
15,0.48527384,0.6640625,0.36944625,0.625
15,0.47782952,0.70703125,0.36944625,0.625
15,0.49034938,0.65234375,0.36944625,0.625
15,0.46655223,0.80078125,0.36944625,0.625
15,0.4767723,0.6640625,0.36944625,0.625
15,0.4774172,0.70703125,0.36944625,0.625
15,0.49543688,0.625,0.36944625,0.625
15,0.4902422,0.6328125,0.36944625,0.625
15,0.48187807,0.6640625,0.36944625,0.625
15,0.47657675,0.703125,0.36944625,0.625
15,0.48782566,0.66796875,0.36944625,0.625
15,0.47636706,0.6953125,0.36944625,0.625
15,0.4897488,0.68359375,0.36944625,0.625
15,0.4957537,0.59375,0.36944625,0.625
15,0.48724464,0.68359375,0.36944625,0.625
15,0.4839353,0.67578125,0.36944625,0.625
15,0.48112446,0.6953125,0.36944625,0.625
15,0.4833312,0.67578125,0.36944625,0.625
15,0.47328895,0.73828125,0.36944625,0.625
15,0.4830887,0.6875,0.36944625,0.625
15,0.48686913,0.6640625,0.36944625,0.625
15,0.49490434,0.62890625,0.36944625,0.625
15,0.48193476,0.6640625,0.36944625,0.625
15,0.49434915,0.609375,0.36944625,0.625
15,0.49020407,0.59765625,0.36944625,0.625
15,0.48585933,0.6640625,0.36944625,0.625
15,0.48572803,0.69921875,0.36944625,0.625
15,0.48208544,0.6328125,0.36944625,0.625
15,0.4885125,0.66015625,0.36944625,0.625
15,0.48968238,0.58203125,0.36944625,0.625
15,0.47409633,0.7109375,0.36944625,0.625
15,0.47731107,0.671875,0.36944625,0.625
15,0.47794646,0.65234375,0.36944625,0.625
15,0.4890577,0.640625,0.36944625,0.625
15,0.47955817,0.6484375,0.36944625,0.625
15,0.47429255,0.75,0.36944625,0.625
15,0.48074389,0.69140625,0.36944625,0.625
15,0.48969054,0.625,0.36944625,0.625
15,0.48614225,0.62890625,0.36944625,0.625
15,0.49830347,0.62890625,0.36944625,0.625
15,0.48632082,0.62890625,0.36944625,0.625
15,0.48475027,0.6796875,0.36944625,0.625
15,0.48740345,0.66015625,0.36944625,0.625
15,0.49202946,0.60546875,0.36944625,0.625
15,0.48300606,0.69140625,0.36944625,0.625
15,0.48390204,0.65625,0.36944625,0.625
15,0.4857739,0.62890625,0.36944625,0.625
15,0.4746019,0.74609375,0.36944625,0.625
15,0.4910848,0.59375,0.36944625,0.625
15,0.4740952,0.75,0.36944625,0.625
15,0.4797001,0.640625,0.36944625,0.625
15,0.4844527,0.6640625,0.36944625,0.625
15,0.48451847,0.62890625,0.36944625,0.625
15,0.48698732,0.5703125,0.36944625,0.625
15,0.4896461,0.640625,0.36944625,0.625
15,0.4642994,0.75,0.36944625,0.625
15,0.47047943,0.73828125,0.36944625,0.625
15,0.48693228,0.7109375,0.36944625,0.625
15,0.48148116,0.70703125,0.36944625,0.625
15,0.48259476,0.65625,0.36944625,0.625
15,0.47510132,0.65625,0.36944625,0.625
15,0.4768843,0.69140625,0.36944625,0.625
15,0.47266918,0.703125,0.36944625,0.625
15,0.4847607,0.640625,0.36944625,0.625
15,0.47001263,0.71484375,0.36944625,0.625
15,0.4946766,0.625,0.36944625,0.625
15,0.48889977,0.6015625,0.36944625,0.625
15,0.4846034,0.6953125,0.36944625,0.625
16,0.4756708,0.65625,0.36356062,0.5859375
16,0.48203167,0.66015625,0.36356062,0.5859375
16,0.47834793,0.7421875,0.36356062,0.5859375
16,0.4797155,0.65625,0.36356062,0.5859375
16,0.47303405,0.7734375,0.36356062,0.5859375
16,0.49236208,0.59375,0.36356062,0.5859375
16,0.48740536,0.65625,0.36356062,0.5859375
16,0.48698878,0.66796875,0.36356062,0.5859375
16,0.48277208,0.69921875,0.36356062,0.5859375
16,0.48769477,0.66796875,0.36356062,0.5859375
16,0.4809617,0.69140625,0.36356062,0.5859375
16,0.46733236,0.7734375,0.36356062,0.5859375
16,0.48113602,0.6796875,0.36356062,0.5859375
16,0.48239812,0.7109375,0.36356062,0.5859375
16,0.48800042,0.66015625,0.36356062,0.5859375
16,0.48287982,0.66015625,0.36356062,0.5859375
16,0.4789459,0.63671875,0.36356062,0.5859375
16,0.49583477,0.58984375,0.36356062,0.5859375
16,0.48685724,0.609375,0.36356062,0.5859375
16,0.48112208,0.6953125,0.36356062,0.5859375
16,0.485816,0.68359375,0.36356062,0.5859375
16,0.47887394,0.72265625,0.36356062,0.5859375
16,0.48711687,0.6484375,0.36356062,0.5859375
16,0.47839817,0.69921875,0.36356062,0.5859375
16,0.48833314,0.6484375,0.36356062,0.5859375
16,0.48756918,0.6640625,0.36356062,0.5859375
16,0.48098424,0.69140625,0.36356062,0.5859375
16,0.47791973,0.6796875,0.36356062,0.5859375
16,0.48865488,0.6484375,0.36356062,0.5859375
16,0.4879878,0.66015625,0.36356062,0.5859375
16,0.49371555,0.609375,0.36356062,0.5859375
16,0.48591393,0.6484375,0.36356062,0.5859375
16,0.4813392,0.66015625,0.36356062,0.5859375
16,0.48159117,0.65625,0.36356062,0.5859375
16,0.47770017,0.703125,0.36356062,0.5859375
16,0.48849493,0.6015625,0.36356062,0.5859375
16,0.48320416,0.671875,0.36356062,0.5859375
16,0.48133543,0.69140625,0.36356062,0.5859375
16,0.4824817,0.69921875,0.36356062,0.5859375
16,0.48079613,0.68359375,0.36356062,0.5859375
16,0.47663054,0.69140625,0.36356062,0.5859375
16,0.4919389,0.62890625,0.36356062,0.5859375
16,0.48789963,0.65625,0.36356062,0.5859375
16,0.47407728,0.7265625,0.36356062,0.5859375
16,0.48218217,0.71484375,0.36356062,0.5859375
16,0.48828778,0.63671875,0.36356062,0.5859375
16,0.47864363,0.6953125,0.36356062,0.5859375
16,0.48204687,0.70703125,0.36356062,0.5859375
16,0.48331803,0.6484375,0.36356062,0.5859375
16,0.47397688,0.703125,0.36356062,0.5859375
16,0.47704145,0.7421875,0.36356062,0.5859375
16,0.48407945,0.64453125,0.36356062,0.5859375
16,0.47609824,0.69140625,0.36356062,0.5859375
16,0.47485796,0.70703125,0.36356062,0.5859375
16,0.48500612,0.671875,0.36356062,0.5859375
16,0.48194912,0.6953125,0.36356062,0.5859375
16,0.4819308,0.6953125,0.36356062,0.5859375
16,0.47665018,0.7109375,0.36356062,0.5859375
16,0.47900182,0.6875,0.36356062,0.5859375
16,0.50151235,0.63671875,0.36356062,0.5859375
16,0.48074016,0.67578125,0.36356062,0.5859375
16,0.47165963,0.73828125,0.36356062,0.5859375
16,0.47512498,0.7421875,0.36356062,0.5859375
16,0.48315135,0.60546875,0.36356062,0.5859375
16,0.4774422,0.6953125,0.36356062,0.5859375
16,0.48648039,0.6484375,0.36356062,0.5859375
16,0.49015313,0.6875,0.36356062,0.5859375
16,0.48524866,0.65234375,0.36356062,0.5859375
16,0.4790161,0.7109375,0.36356062,0.5859375
16,0.48736015,0.62890625,0.36356062,0.5859375
16,0.47601128,0.75,0.36356062,0.5859375
16,0.4678413,0.7734375,0.36356062,0.5859375
16,0.48410937,0.63671875,0.36356062,0.5859375
16,0.4748283,0.734375,0.36356062,0.5859375
16,0.48557347,0.640625,0.36356062,0.5859375
16,0.47533315,0.671875,0.36356062,0.5859375
16,0.4720222,0.75,0.36356062,0.5859375
16,0.4841805,0.65625,0.36356062,0.5859375
16,0.47433835,0.671875,0.36356062,0.5859375
16,0.47922945,0.73828125,0.36356062,0.5859375
16,0.48197365,0.67578125,0.36356062,0.5859375
16,0.47676304,0.703125,0.36356062,0.5859375
16,0.48170584,0.65234375,0.36356062,0.5859375
16,0.48837116,0.63671875,0.36356062,0.5859375
16,0.48949268,0.6484375,0.36356062,0.5859375
16,0.47980553,0.6640625,0.36356062,0.5859375
16,0.47490618,0.7265625,0.36356062,0.5859375
16,0.4804761,0.6484375,0.36356062,0.5859375
16,0.47665653,0.72265625,0.36356062,0.5859375
16,0.48175818,0.6953125,0.36356062,0.5859375
16,0.48217195,0.65625,0.36356062,0.5859375
16,0.47512907,0.70703125,0.36356062,0.5859375
16,0.48376322,0.66796875,0.36356062,0.5859375
16,0.47885698,0.6953125,0.36356062,0.5859375
16,0.4776871,0.71484375,0.36356062,0.5859375
16,0.48936373,0.62890625,0.36356062,0.5859375
16,0.4788315,0.7109375,0.36356062,0.5859375
16,0.49252626,0.6015625,0.36356062,0.5859375
16,0.48069626,0.6796875,0.36356062,0.5859375
16,0.47355467,0.75390625,0.36356062,0.5859375
16,0.49106836,0.61328125,0.36356062,0.5859375
16,0.48788118,0.64453125,0.36356062,0.5859375
16,0.47052112,0.71484375,0.36356062,0.5859375
16,0.48487064,0.671875,0.36356062,0.5859375
16,0.4778648,0.703125,0.36356062,0.5859375
16,0.48655155,0.6484375,0.36356062,0.5859375
16,0.49036106,0.5859375,0.36356062,0.5859375
16,0.48649877,0.64453125,0.36356062,0.5859375
16,0.49228266,0.64453125,0.36356062,0.5859375
16,0.48475558,0.6640625,0.36356062,0.5859375
16,0.4786883,0.69921875,0.36356062,0.5859375
16,0.47258356,0.67578125,0.36356062,0.5859375
16,0.48185277,0.6796875,0.36356062,0.5859375
16,0.49099794,0.6796875,0.36356062,0.5859375
16,0.48853594,0.6328125,0.36356062,0.5859375
16,0.4739397,0.69140625,0.36356062,0.5859375
16,0.488318,0.61328125,0.36356062,0.5859375
16,0.48250952,0.6484375,0.36356062,0.5859375
16,0.48477963,0.69921875,0.36356062,0.5859375
16,0.48838082,0.68359375,0.36356062,0.5859375
16,0.47811565,0.703125,0.36356062,0.5859375
16,0.49470064,0.578125,0.36356062,0.5859375
16,0.4863382,0.65234375,0.36356062,0.5859375
16,0.4764917,0.69921875,0.36356062,0.5859375
16,0.484447,0.6875,0.36356062,0.5859375
16,0.46459177,0.75,0.36356062,0.5859375
16,0.47377756,0.7109375,0.36356062,0.5859375
16,0.48075882,0.69921875,0.36356062,0.5859375
16,0.48019072,0.63671875,0.36356062,0.5859375
16,0.48581654,0.65625,0.36356062,0.5859375
16,0.4645817,0.74609375,0.36356062,0.5859375
16,0.48308787,0.71875,0.36356062,0.5859375
16,0.47601357,0.703125,0.36356062,0.5859375
16,0.48159784,0.7109375,0.36356062,0.5859375
16,0.47886977,0.6796875,0.36356062,0.5859375
16,0.48688123,0.6796875,0.36356062,0.5859375
16,0.47439495,0.65234375,0.36356062,0.5859375
16,0.48240635,0.69140625,0.36356062,0.5859375
16,0.48694685,0.62890625,0.36356062,0.5859375
16,0.48162165,0.72265625,0.36356062,0.5859375
16,0.47877035,0.71875,0.36356062,0.5859375
16,0.4772233,0.640625,0.36356062,0.5859375
16,0.4807922,0.66796875,0.36356062,0.5859375
16,0.48936945,0.640625,0.36356062,0.5859375
16,0.48247343,0.66796875,0.36356062,0.5859375
16,0.49365446,0.62890625,0.36356062,0.5859375
16,0.49161562,0.625,0.36356062,0.5859375
16,0.48168856,0.6875,0.36356062,0.5859375
16,0.48842892,0.64453125,0.36356062,0.5859375
16,0.4826553,0.68359375,0.36356062,0.5859375
16,0.48685202,0.6484375,0.36356062,0.5859375
16,0.4846914,0.7265625,0.36356062,0.5859375
16,0.484325,0.64453125,0.36356062,0.5859375
16,0.47920063,0.7109375,0.36356062,0.5859375
16,0.4766727,0.76953125,0.36356062,0.5859375
16,0.48325402,0.6171875,0.36356062,0.5859375
16,0.4875478,0.64453125,0.36356062,0.5859375
16,0.49051714,0.578125,0.36356062,0.5859375
16,0.488759,0.60546875,0.36356062,0.5859375
16,0.48426083,0.6875,0.36356062,0.5859375
16,0.49789685,0.59765625,0.36356062,0.5859375
16,0.49496263,0.5625,0.36356062,0.5859375
16,0.4856175,0.66796875,0.36356062,0.5859375
16,0.47466406,0.73828125,0.36356062,0.5859375
16,0.48502174,0.6796875,0.36356062,0.5859375
16,0.47979715,0.68359375,0.36356062,0.5859375
16,0.47592932,0.734375,0.36356062,0.5859375
16,0.48384708,0.640625,0.36356062,0.5859375
16,0.47699866,0.6484375,0.36356062,0.5859375
16,0.4751439,0.72265625,0.36356062,0.5859375
16,0.47510645,0.7265625,0.36356062,0.5859375
16,0.4817104,0.66015625,0.36356062,0.5859375
16,0.48424473,0.61328125,0.36356062,0.5859375
16,0.48225495,0.68359375,0.36356062,0.5859375
16,0.48237523,0.69140625,0.36356062,0.5859375
16,0.4775603,0.6953125,0.36356062,0.5859375
16,0.4827163,0.65625,0.36356062,0.5859375
16,0.48219675,0.70703125,0.36356062,0.5859375
16,0.48081318,0.71875,0.36356062,0.5859375
16,0.47779042,0.68359375,0.36356062,0.5859375
16,0.48679924,0.6640625,0.36356062,0.5859375
16,0.48806998,0.62890625,0.36356062,0.5859375
16,0.48390082,0.69921875,0.36356062,0.5859375
16,0.4851024,0.6484375,0.36356062,0.5859375
16,0.4775722,0.7265625,0.36356062,0.5859375
16,0.47910085,0.70703125,0.36356062,0.5859375
16,0.4807122,0.6796875,0.36356062,0.5859375
16,0.47241372,0.703125,0.36356062,0.5859375
16,0.48269823,0.6328125,0.36356062,0.5859375
16,0.4869225,0.6484375,0.36356062,0.5859375
16,0.49053955,0.609375,0.36356062,0.5859375
16,0.4789279,0.7109375,0.36356062,0.5859375
16,0.48561683,0.66015625,0.36356062,0.5859375
16,0.47896194,0.703125,0.36356062,0.5859375
16,0.47819152,0.70703125,0.36356062,0.5859375
16,0.48629373,0.63671875,0.36356062,0.5859375
16,0.47284135,0.6875,0.36356062,0.5859375
16,0.46759525,0.796875,0.36356062,0.5859375
16,0.48277023,0.6875,0.36356062,0.5859375
16,0.47783908,0.69921875,0.36356062,0.5859375
16,0.4865376,0.6328125,0.36356062,0.5859375
16,0.49042764,0.6328125,0.36356062,0.5859375
16,0.48130435,0.6953125,0.36356062,0.5859375
16,0.48516294,0.6640625,0.36356062,0.5859375
16,0.4851876,0.6328125,0.36356062,0.5859375
16,0.4749083,0.72265625,0.36356062,0.5859375
16,0.48899835,0.61328125,0.36356062,0.5859375
16,0.47245762,0.765625,0.36356062,0.5859375
16,0.47928366,0.71484375,0.36356062,0.5859375
16,0.4830873,0.671875,0.36356062,0.5859375
16,0.4794011,0.734375,0.36356062,0.5859375
16,0.47960642,0.69140625,0.36356062,0.5859375
16,0.48124653,0.6796875,0.36356062,0.5859375
16,0.48301396,0.6875,0.36356062,0.5859375
16,0.46596465,0.77734375,0.36356062,0.5859375
16,0.48189238,0.67578125,0.36356062,0.5859375
16,0.48488384,0.65625,0.36356062,0.5859375
16,0.49382496,0.6328125,0.36356062,0.5859375
16,0.4848573,0.66796875,0.36356062,0.5859375
16,0.4823141,0.6484375,0.36356062,0.5859375
16,0.4866469,0.65234375,0.36356062,0.5859375
16,0.47320673,0.71875,0.36356062,0.5859375
16,0.4762729,0.703125,0.36356062,0.5859375
16,0.49589142,0.58984375,0.36356062,0.5859375
16,0.4918796,0.61328125,0.36356062,0.5859375
16,0.4831235,0.67578125,0.36356062,0.5859375
16,0.4773214,0.73046875,0.36356062,0.5859375
16,0.47868776,0.71484375,0.36356062,0.5859375
16,0.47630697,0.74609375,0.36356062,0.5859375
16,0.4801798,0.65625,0.36356062,0.5859375
16,0.4768657,0.7421875,0.36356062,0.5859375
16,0.48583576,0.63671875,0.36356062,0.5859375
16,0.4837541,0.66796875,0.36356062,0.5859375
16,0.48041153,0.70703125,0.36356062,0.5859375
16,0.47176042,0.74609375,0.36356062,0.5859375
16,0.48685393,0.65234375,0.36356062,0.5859375
16,0.48654816,0.6015625,0.36356062,0.5859375
16,0.48850256,0.64453125,0.36356062,0.5859375
16,0.47995242,0.66796875,0.36356062,0.5859375
16,0.48327968,0.63671875,0.36356062,0.5859375
16,0.4613099,0.765625,0.36356062,0.5859375
16,0.4796825,0.6640625,0.36356062,0.5859375
16,0.48579744,0.70703125,0.36356062,0.5859375
16,0.48640004,0.66796875,0.36356062,0.5859375
16,0.4766906,0.71484375,0.36356062,0.5859375
16,0.47518206,0.796875,0.36356062,0.5859375
16,0.47149786,0.75390625,0.36356062,0.5859375
16,0.48857546,0.671875,0.36356062,0.5859375
16,0.48447847,0.69140625,0.36356062,0.5859375
17,0.47963074,0.6796875,0.3579242,0.59375
17,0.47906938,0.68359375,0.3579242,0.59375
17,0.4830201,0.7109375,0.3579242,0.59375
17,0.48216772,0.640625,0.3579242,0.59375
17,0.47949174,0.671875,0.3579242,0.59375
17,0.47271258,0.74609375,0.3579242,0.59375
17,0.4813728,0.6953125,0.3579242,0.59375
17,0.48634169,0.6484375,0.3579242,0.59375
17,0.48817533,0.6640625,0.3579242,0.59375
17,0.46962997,0.73046875,0.3579242,0.59375
17,0.48024336,0.7109375,0.3579242,0.59375
17,0.4688465,0.7265625,0.3579242,0.59375
17,0.48068458,0.67578125,0.3579242,0.59375
17,0.48166975,0.6953125,0.3579242,0.59375
17,0.4834579,0.63671875,0.3579242,0.59375
17,0.48068395,0.66015625,0.3579242,0.59375
17,0.48442215,0.68359375,0.3579242,0.59375
17,0.48820695,0.6953125,0.3579242,0.59375
17,0.4795302,0.671875,0.3579242,0.59375
17,0.4763867,0.72265625,0.3579242,0.59375
17,0.4923412,0.61328125,0.3579242,0.59375
17,0.47926003,0.7109375,0.3579242,0.59375
17,0.49052778,0.6328125,0.3579242,0.59375
17,0.49329296,0.609375,0.3579242,0.59375
17,0.4928155,0.62109375,0.3579242,0.59375
17,0.47809672,0.703125,0.3579242,0.59375
17,0.47816882,0.6796875,0.3579242,0.59375
17,0.48669368,0.62109375,0.3579242,0.59375
17,0.4746391,0.703125,0.3579242,0.59375
17,0.47895914,0.70703125,0.3579242,0.59375
17,0.4817026,0.6875,0.3579242,0.59375
17,0.4736851,0.75,0.3579242,0.59375
17,0.47695023,0.70703125,0.3579242,0.59375
17,0.48825762,0.609375,0.3579242,0.59375
17,0.48553467,0.65625,0.3579242,0.59375
17,0.48034972,0.6875,0.3579242,0.59375
17,0.4824098,0.68359375,0.3579242,0.59375
17,0.48095745,0.734375,0.3579242,0.59375
17,0.48746538,0.6640625,0.3579242,0.59375
17,0.47839347,0.71875,0.3579242,0.59375
17,0.48469836,0.6640625,0.3579242,0.59375
17,0.4832945,0.69921875,0.3579242,0.59375
17,0.47825485,0.6875,0.3579242,0.59375
17,0.47910294,0.703125,0.3579242,0.59375
17,0.491735,0.609375,0.3579242,0.59375
17,0.48246962,0.67578125,0.3579242,0.59375
17,0.48254076,0.6796875,0.3579242,0.59375
17,0.48085383,0.67578125,0.3579242,0.59375
17,0.47576806,0.73046875,0.3579242,0.59375
17,0.48253098,0.703125,0.3579242,0.59375
17,0.47379234,0.74609375,0.3579242,0.59375
17,0.47981519,0.6796875,0.3579242,0.59375
17,0.48733053,0.64453125,0.3579242,0.59375
17,0.48764798,0.609375,0.3579242,0.59375
17,0.47947428,0.66796875,0.3579242,0.59375
17,0.48017842,0.75,0.3579242,0.59375
17,0.4731533,0.72265625,0.3579242,0.59375
17,0.47486454,0.71875,0.3579242,0.59375
17,0.48181602,0.66796875,0.3579242,0.59375
17,0.4698991,0.75,0.3579242,0.59375
17,0.47192597,0.71875,0.3579242,0.59375
17,0.4744609,0.703125,0.3579242,0.59375
17,0.47199202,0.73046875,0.3579242,0.59375
17,0.48225552,0.6875,0.3579242,0.59375
17,0.48420253,0.703125,0.3579242,0.59375
17,0.49106434,0.66015625,0.3579242,0.59375
17,0.4761736,0.74609375,0.3579242,0.59375
17,0.48474142,0.6328125,0.3579242,0.59375
17,0.48081496,0.734375,0.3579242,0.59375
17,0.48485658,0.65234375,0.3579242,0.59375
17,0.48778582,0.62109375,0.3579242,0.59375
17,0.46570045,0.74609375,0.3579242,0.59375
17,0.48548964,0.63671875,0.3579242,0.59375
17,0.48375005,0.69921875,0.3579242,0.59375
17,0.46471754,0.73828125,0.3579242,0.59375
17,0.49361163,0.609375,0.3579242,0.59375
17,0.4850203,0.71875,0.3579242,0.59375
17,0.47961113,0.69921875,0.3579242,0.59375
17,0.48279136,0.6953125,0.3579242,0.59375
17,0.47695154,0.7265625,0.3579242,0.59375
17,0.48017317,0.70703125,0.3579242,0.59375
17,0.49064547,0.64453125,0.3579242,0.59375
17,0.4778209,0.7265625,0.3579242,0.59375
17,0.4801037,0.71875,0.3579242,0.59375
17,0.47873062,0.671875,0.3579242,0.59375
17,0.4844938,0.6796875,0.3579242,0.59375
17,0.48377404,0.66796875,0.3579242,0.59375
17,0.46777445,0.7421875,0.3579242,0.59375
17,0.4870083,0.5625,0.3579242,0.59375
17,0.47598773,0.6953125,0.3579242,0.59375
17,0.47816133,0.671875,0.3579242,0.59375
17,0.47663328,0.74609375,0.3579242,0.59375
17,0.47746143,0.66796875,0.3579242,0.59375
17,0.4708989,0.76953125,0.3579242,0.59375
17,0.47618917,0.74609375,0.3579242,0.59375
17,0.48265284,0.66796875,0.3579242,0.59375
17,0.48307666,0.6484375,0.3579242,0.59375
17,0.48067093,0.69140625,0.3579242,0.59375
17,0.4746154,0.69921875,0.3579242,0.59375
17,0.47586447,0.71484375,0.3579242,0.59375
17,0.4833285,0.6953125,0.3579242,0.59375
17,0.47232386,0.73828125,0.3579242,0.59375
17,0.48825774,0.546875,0.3579242,0.59375
17,0.47545642,0.671875,0.3579242,0.59375
17,0.47390273,0.71484375,0.3579242,0.59375
17,0.47122392,0.6875,0.3579242,0.59375
17,0.4773433,0.69921875,0.3579242,0.59375
17,0.47889456,0.71484375,0.3579242,0.59375
17,0.47851688,0.6875,0.3579242,0.59375
17,0.4765614,0.75,0.3579242,0.59375
17,0.4843831,0.69140625,0.3579242,0.59375
17,0.4703109,0.7109375,0.3579242,0.59375
17,0.47823238,0.71484375,0.3579242,0.59375
17,0.47567266,0.6953125,0.3579242,0.59375
17,0.47852305,0.7421875,0.3579242,0.59375
17,0.47538924,0.70703125,0.3579242,0.59375
17,0.47854272,0.66796875,0.3579242,0.59375
17,0.47256657,0.7421875,0.3579242,0.59375
17,0.47895122,0.68359375,0.3579242,0.59375
17,0.49025202,0.6484375,0.3579242,0.59375
17,0.48713487,0.60546875,0.3579242,0.59375
17,0.4838331,0.6328125,0.3579242,0.59375
17,0.48029158,0.68359375,0.3579242,0.59375
17,0.48062426,0.640625,0.3579242,0.59375
17,0.48477125,0.7109375,0.3579242,0.59375
17,0.48280835,0.6640625,0.3579242,0.59375
17,0.47574273,0.71875,0.3579242,0.59375
17,0.48325866,0.6875,0.3579242,0.59375
17,0.4814164,0.68359375,0.3579242,0.59375
17,0.47860333,0.6953125,0.3579242,0.59375
17,0.48495105,0.6171875,0.3579242,0.59375
17,0.47820592,0.65625,0.3579242,0.59375
17,0.46830288,0.73046875,0.3579242,0.59375
17,0.47882128,0.671875,0.3579242,0.59375
17,0.4853553,0.65234375,0.3579242,0.59375
17,0.48415026,0.671875,0.3579242,0.59375
17,0.46964565,0.73046875,0.3579242,0.59375
17,0.48458543,0.7265625,0.3579242,0.59375
17,0.47876266,0.69921875,0.3579242,0.59375
17,0.46267244,0.78125,0.3579242,0.59375
17,0.47509718,0.6796875,0.3579242,0.59375
17,0.47583622,0.69921875,0.3579242,0.59375
17,0.468329,0.765625,0.3579242,0.59375
17,0.478693,0.74609375,0.3579242,0.59375
17,0.48213333,0.6796875,0.3579242,0.59375
17,0.48124933,0.66796875,0.3579242,0.59375
17,0.47976527,0.65625,0.3579242,0.59375
17,0.48024324,0.71484375,0.3579242,0.59375
17,0.4839886,0.63671875,0.3579242,0.59375
17,0.48129916,0.6328125,0.3579242,0.59375
17,0.48149344,0.6875,0.3579242,0.59375
17,0.46993288,0.69921875,0.3579242,0.59375
17,0.4876735,0.62109375,0.3579242,0.59375
17,0.4799142,0.71875,0.3579242,0.59375
17,0.46761256,0.73828125,0.3579242,0.59375
17,0.4781003,0.73046875,0.3579242,0.59375
17,0.47717553,0.69921875,0.3579242,0.59375
17,0.4881305,0.6875,0.3579242,0.59375
17,0.48903888,0.59765625,0.3579242,0.59375
17,0.47365957,0.734375,0.3579242,0.59375
17,0.47698325,0.703125,0.3579242,0.59375
17,0.4836578,0.69921875,0.3579242,0.59375
17,0.47285295,0.7109375,0.3579242,0.59375
17,0.46456575,0.7734375,0.3579242,0.59375
17,0.47548804,0.703125,0.3579242,0.59375
17,0.48223352,0.66796875,0.3579242,0.59375
17,0.48233917,0.67578125,0.3579242,0.59375
17,0.48579854,0.68359375,0.3579242,0.59375
17,0.4837051,0.61328125,0.3579242,0.59375
17,0.48125485,0.66015625,0.3579242,0.59375
17,0.4773843,0.6953125,0.3579242,0.59375
17,0.47069883,0.72265625,0.3579242,0.59375
17,0.47746795,0.66796875,0.3579242,0.59375
17,0.48598465,0.67578125,0.3579242,0.59375
17,0.48390716,0.6484375,0.3579242,0.59375
17,0.49009156,0.6171875,0.3579242,0.59375
17,0.485051,0.6328125,0.3579242,0.59375
17,0.47611338,0.6953125,0.3579242,0.59375
17,0.4723527,0.75390625,0.3579242,0.59375
17,0.47399235,0.734375,0.3579242,0.59375
17,0.48336485,0.6328125,0.3579242,0.59375
17,0.48083162,0.68359375,0.3579242,0.59375
17,0.47013086,0.734375,0.3579242,0.59375
17,0.47465345,0.7109375,0.3579242,0.59375
17,0.47088623,0.72265625,0.3579242,0.59375
17,0.4675712,0.78515625,0.3579242,0.59375
17,0.47378078,0.67578125,0.3579242,0.59375
17,0.47570062,0.7109375,0.3579242,0.59375
17,0.47668347,0.70703125,0.3579242,0.59375
17,0.4788516,0.7109375,0.3579242,0.59375
17,0.47770286,0.76171875,0.3579242,0.59375
17,0.46846586,0.77734375,0.3579242,0.59375
17,0.47665524,0.6953125,0.3579242,0.59375
17,0.48302588,0.63671875,0.3579242,0.59375
17,0.4842854,0.6875,0.3579242,0.59375
17,0.48519632,0.6640625,0.3579242,0.59375
17,0.4863853,0.640625,0.3579242,0.59375
17,0.4760768,0.66796875,0.3579242,0.59375
17,0.48867634,0.67578125,0.3579242,0.59375
17,0.4791259,0.6875,0.3579242,0.59375
17,0.4764721,0.69921875,0.3579242,0.59375
17,0.4809393,0.7421875,0.3579242,0.59375
17,0.48115668,0.6640625,0.3579242,0.59375
17,0.48471108,0.67578125,0.3579242,0.59375
17,0.46832556,0.78515625,0.3579242,0.59375
17,0.4819689,0.6328125,0.3579242,0.59375
17,0.4840346,0.6640625,0.3579242,0.59375
17,0.4798832,0.6640625,0.3579242,0.59375
17,0.47903904,0.72265625,0.3579242,0.59375
17,0.46908754,0.73046875,0.3579242,0.59375
17,0.4910358,0.65625,0.3579242,0.59375
17,0.47628164,0.6953125,0.3579242,0.59375
17,0.47832876,0.6875,0.3579242,0.59375
17,0.4776873,0.75390625,0.3579242,0.59375
17,0.46933678,0.76171875,0.3579242,0.59375
17,0.47570965,0.72265625,0.3579242,0.59375
17,0.48066333,0.61328125,0.3579242,0.59375
17,0.47759557,0.68359375,0.3579242,0.59375
17,0.47648996,0.71875,0.3579242,0.59375
17,0.4840768,0.6796875,0.3579242,0.59375
17,0.46274948,0.765625,0.3579242,0.59375
17,0.4782335,0.75,0.3579242,0.59375
17,0.48639256,0.640625,0.3579242,0.59375
17,0.4665551,0.73828125,0.3579242,0.59375
17,0.47070393,0.765625,0.3579242,0.59375
17,0.49073642,0.60546875,0.3579242,0.59375
17,0.48619208,0.625,0.3579242,0.59375
17,0.46552113,0.78125,0.3579242,0.59375
17,0.47768226,0.65625,0.3579242,0.59375
17,0.47977823,0.6171875,0.3579242,0.59375
17,0.48059347,0.7109375,0.3579242,0.59375
17,0.47753772,0.7421875,0.3579242,0.59375
17,0.47208738,0.74609375,0.3579242,0.59375
17,0.47723716,0.6640625,0.3579242,0.59375
17,0.4767134,0.70703125,0.3579242,0.59375
17,0.48000067,0.68359375,0.3579242,0.59375
17,0.49494156,0.6015625,0.3579242,0.59375
17,0.47884935,0.75390625,0.3579242,0.59375
17,0.47331396,0.71875,0.3579242,0.59375
17,0.4870074,0.67578125,0.3579242,0.59375
17,0.4682304,0.73828125,0.3579242,0.59375
17,0.47878784,0.71484375,0.3579242,0.59375
17,0.48796082,0.66015625,0.3579242,0.59375
17,0.4855156,0.59375,0.3579242,0.59375
17,0.48197475,0.6875,0.3579242,0.59375
17,0.46892715,0.74609375,0.3579242,0.59375
17,0.4848825,0.6796875,0.3579242,0.59375
17,0.48016784,0.7109375,0.3579242,0.59375
17,0.47061953,0.7109375,0.3579242,0.59375
18,0.47464508,0.6796875,0.35785154,0.625
18,0.47646672,0.6953125,0.35785154,0.625
18,0.4760529,0.67578125,0.35785154,0.625
18,0.4803915,0.68359375,0.35785154,0.625
18,0.4694698,0.6640625,0.35785154,0.625
18,0.48223814,0.71484375,0.35785154,0.625
18,0.47973824,0.6953125,0.35785154,0.625
18,0.49090052,0.5546875,0.35785154,0.625
18,0.46979523,0.73828125,0.35785154,0.625
18,0.48283762,0.65234375,0.35785154,0.625
18,0.4730418,0.72265625,0.35785154,0.625
18,0.47815922,0.671875,0.35785154,0.625
18,0.47112995,0.75,0.35785154,0.625
18,0.48227215,0.71875,0.35785154,0.625
18,0.4742101,0.70703125,0.35785154,0.625
18,0.47743538,0.7109375,0.35785154,0.625
18,0.47467798,0.69140625,0.35785154,0.625
18,0.4803097,0.64453125,0.35785154,0.625
18,0.4767268,0.73046875,0.35785154,0.625
18,0.47827634,0.71484375,0.35785154,0.625
18,0.48437503,0.69140625,0.35785154,0.625
18,0.48607746,0.62890625,0.35785154,0.625
18,0.48279396,0.609375,0.35785154,0.625
18,0.47527525,0.71875,0.35785154,0.625
18,0.4765884,0.6875,0.35785154,0.625
18,0.4803327,0.69921875,0.35785154,0.625
18,0.4751508,0.625,0.35785154,0.625
18,0.47952652,0.6953125,0.35785154,0.625
18,0.46853098,0.76953125,0.35785154,0.625
18,0.48217013,0.66015625,0.35785154,0.625
18,0.48161227,0.671875,0.35785154,0.625
18,0.47292218,0.73828125,0.35785154,0.625
18,0.48745993,0.63671875,0.35785154,0.625
18,0.48065716,0.65234375,0.35785154,0.625
18,0.48731968,0.65625,0.35785154,0.625
18,0.47836417,0.66796875,0.35785154,0.625
18,0.4817246,0.66796875,0.35785154,0.625
18,0.48382506,0.6484375,0.35785154,0.625
18,0.4703553,0.76953125,0.35785154,0.625
18,0.48684475,0.6484375,0.35785154,0.625
18,0.47851643,0.70703125,0.35785154,0.625
18,0.47393838,0.70703125,0.35785154,0.625
18,0.47378772,0.75,0.35785154,0.625
18,0.4759686,0.68359375,0.35785154,0.625
18,0.47709543,0.66796875,0.35785154,0.625
18,0.47639546,0.71484375,0.35785154,0.625
18,0.4725408,0.71875,0.35785154,0.625
18,0.48050085,0.65234375,0.35785154,0.625
18,0.47623518,0.7265625,0.35785154,0.625
18,0.4692555,0.73828125,0.35785154,0.625
18,0.46918386,0.765625,0.35785154,0.625
18,0.48341423,0.64453125,0.35785154,0.625
18,0.48194838,0.640625,0.35785154,0.625
18,0.4674928,0.7578125,0.35785154,0.625
18,0.47403234,0.74609375,0.35785154,0.625
18,0.48742598,0.5859375,0.35785154,0.625
18,0.4791178,0.6796875,0.35785154,0.625
18,0.4804158,0.69921875,0.35785154,0.625
18,0.4799117,0.6328125,0.35785154,0.625
18,0.4828897,0.66796875,0.35785154,0.625
18,0.46894744,0.7734375,0.35785154,0.625
18,0.48534986,0.671875,0.35785154,0.625
18,0.47369024,0.73828125,0.35785154,0.625
18,0.4787739,0.671875,0.35785154,0.625
18,0.47688362,0.71875,0.35785154,0.625
18,0.47863832,0.70703125,0.35785154,0.625
18,0.47734743,0.73828125,0.35785154,0.625
18,0.47315598,0.69921875,0.35785154,0.625
18,0.4812154,0.6640625,0.35785154,0.625
18,0.48678336,0.6953125,0.35785154,0.625
18,0.4782546,0.66015625,0.35785154,0.625
18,0.48943964,0.625,0.35785154,0.625
18,0.48676768,0.671875,0.35785154,0.625
18,0.48405215,0.6796875,0.35785154,0.625
18,0.4757959,0.69921875,0.35785154,0.625
18,0.48560375,0.6328125,0.35785154,0.625
18,0.47951803,0.65625,0.35785154,0.625
18,0.47402954,0.703125,0.35785154,0.625
18,0.4876524,0.63671875,0.35785154,0.625
18,0.48355356,0.61328125,0.35785154,0.625
18,0.48044232,0.6953125,0.35785154,0.625
18,0.4857318,0.66796875,0.35785154,0.625
18,0.46756905,0.734375,0.35785154,0.625
18,0.4808088,0.6875,0.35785154,0.625
18,0.47280735,0.78125,0.35785154,0.625
18,0.47719628,0.6875,0.35785154,0.625
18,0.47968125,0.69140625,0.35785154,0.625
18,0.47015223,0.7421875,0.35785154,0.625
18,0.47406688,0.71484375,0.35785154,0.625
18,0.48399398,0.65625,0.35785154,0.625
18,0.48291963,0.68359375,0.35785154,0.625
18,0.47475672,0.72265625,0.35785154,0.625
18,0.46374866,0.77734375,0.35785154,0.625
18,0.47339633,0.7265625,0.35785154,0.625
18,0.4708305,0.69140625,0.35785154,0.625
18,0.48052564,0.6953125,0.35785154,0.625
18,0.47827834,0.69140625,0.35785154,0.625
18,0.46740362,0.73828125,0.35785154,0.625
18,0.4843288,0.6953125,0.35785154,0.625
18,0.4679806,0.7421875,0.35785154,0.625
18,0.47372404,0.7734375,0.35785154,0.625
18,0.47765082,0.72265625,0.35785154,0.625
18,0.47877523,0.7109375,0.35785154,0.625
18,0.46692792,0.77734375,0.35785154,0.625
18,0.47360495,0.71875,0.35785154,0.625
18,0.47457236,0.73046875,0.35785154,0.625
18,0.47385883,0.71484375,0.35785154,0.625
18,0.47681695,0.70703125,0.35785154,0.625
18,0.47361562,0.74609375,0.35785154,0.625
18,0.4773566,0.6875,0.35785154,0.625
18,0.46519813,0.765625,0.35785154,0.625
18,0.47181746,0.72265625,0.35785154,0.625
18,0.47064218,0.71484375,0.35785154,0.625
18,0.46781653,0.74609375,0.35785154,0.625
18,0.466264,0.7734375,0.35785154,0.625
18,0.48590454,0.6640625,0.35785154,0.625
18,0.4826882,0.69921875,0.35785154,0.625
18,0.4775183,0.6015625,0.35785154,0.625
18,0.46897343,0.703125,0.35785154,0.625
18,0.47159,0.7109375,0.35785154,0.625
18,0.4790731,0.69921875,0.35785154,0.625
18,0.48116225,0.66015625,0.35785154,0.625
18,0.4713487,0.6953125,0.35785154,0.625
18,0.46452644,0.765625,0.35785154,0.625
18,0.47549185,0.6640625,0.35785154,0.625
18,0.4770901,0.6875,0.35785154,0.625
18,0.48721367,0.640625,0.35785154,0.625
18,0.47022605,0.7421875,0.35785154,0.625
18,0.48439118,0.62890625,0.35785154,0.625
18,0.4827927,0.68359375,0.35785154,0.625
18,0.48258868,0.64453125,0.35785154,0.625
18,0.47344163,0.6796875,0.35785154,0.625
18,0.47536305,0.68359375,0.35785154,0.625
18,0.4726575,0.7578125,0.35785154,0.625
18,0.46286616,0.76953125,0.35785154,0.625
18,0.48166293,0.671875,0.35785154,0.625
18,0.46830437,0.7734375,0.35785154,0.625
18,0.47459403,0.69140625,0.35785154,0.625
18,0.47854587,0.76171875,0.35785154,0.625
18,0.48421028,0.61328125,0.35785154,0.625
18,0.4801915,0.70703125,0.35785154,0.625
18,0.48414937,0.69140625,0.35785154,0.625
18,0.4834955,0.6640625,0.35785154,0.625
18,0.47205323,0.7421875,0.35785154,0.625
18,0.4735356,0.6875,0.35785154,0.625
18,0.47323805,0.6953125,0.35785154,0.625
18,0.48160622,0.69140625,0.35785154,0.625
18,0.4727195,0.734375,0.35785154,0.625
18,0.48482102,0.6640625,0.35785154,0.625
18,0.47367725,0.734375,0.35785154,0.625
18,0.47188133,0.71484375,0.35785154,0.625
18,0.46984848,0.71875,0.35785154,0.625
18,0.47308785,0.71484375,0.35785154,0.625
18,0.4823573,0.62890625,0.35785154,0.625
18,0.46979943,0.75390625,0.35785154,0.625
18,0.48031136,0.68359375,0.35785154,0.625
18,0.4717069,0.73046875,0.35785154,0.625
18,0.48922524,0.671875,0.35785154,0.625
18,0.47579882,0.7421875,0.35785154,0.625
18,0.48122972,0.68359375,0.35785154,0.625
18,0.4867472,0.65234375,0.35785154,0.625
18,0.47370324,0.69140625,0.35785154,0.625
18,0.46931028,0.73046875,0.35785154,0.625
18,0.48091152,0.65234375,0.35785154,0.625
18,0.47545674,0.71875,0.35785154,0.625
18,0.47920886,0.671875,0.35785154,0.625
18,0.47558314,0.640625,0.35785154,0.625
18,0.4810975,0.6484375,0.35785154,0.625
18,0.47708943,0.6953125,0.35785154,0.625
18,0.46767408,0.74609375,0.35785154,0.625
18,0.48361397,0.65625,0.35785154,0.625
18,0.47656766,0.72265625,0.35785154,0.625
18,0.48392206,0.6328125,0.35785154,0.625
18,0.48137966,0.66015625,0.35785154,0.625
18,0.4773488,0.671875,0.35785154,0.625
18,0.47356054,0.7421875,0.35785154,0.625
18,0.47166303,0.71875,0.35785154,0.625
18,0.47604984,0.671875,0.35785154,0.625
18,0.46553463,0.7109375,0.35785154,0.625
18,0.47730595,0.703125,0.35785154,0.625
18,0.46608377,0.76953125,0.35785154,0.625
18,0.4795197,0.73046875,0.35785154,0.625
18,0.47744784,0.68359375,0.35785154,0.625
18,0.4800024,0.66796875,0.35785154,0.625
18,0.4865151,0.68359375,0.35785154,0.625
18,0.48189825,0.734375,0.35785154,0.625
18,0.47652084,0.6953125,0.35785154,0.625
18,0.4782386,0.71875,0.35785154,0.625
18,0.47527593,0.7109375,0.35785154,0.625
18,0.47620282,0.7109375,0.35785154,0.625
18,0.47581503,0.7421875,0.35785154,0.625
18,0.49075368,0.5859375,0.35785154,0.625
18,0.4704736,0.7109375,0.35785154,0.625
18,0.4733672,0.734375,0.35785154,0.625
18,0.48071447,0.671875,0.35785154,0.625
18,0.48083386,0.6953125,0.35785154,0.625
18,0.4530359,0.82421875,0.35785154,0.625
18,0.47140136,0.74609375,0.35785154,0.625
18,0.47530648,0.6953125,0.35785154,0.625
18,0.48382705,0.66015625,0.35785154,0.625
18,0.4717391,0.72265625,0.35785154,0.625
18,0.47658914,0.6796875,0.35785154,0.625
18,0.47559014,0.7265625,0.35785154,0.625
18,0.47812656,0.6484375,0.35785154,0.625
18,0.46102598,0.796875,0.35785154,0.625
18,0.48065224,0.609375,0.35785154,0.625
18,0.47817922,0.69140625,0.35785154,0.625
18,0.4731443,0.7421875,0.35785154,0.625
18,0.46165732,0.81640625,0.35785154,0.625
18,0.4798695,0.640625,0.35785154,0.625
18,0.47578213,0.71484375,0.35785154,0.625
18,0.4756888,0.72265625,0.35785154,0.625
18,0.48031542,0.6953125,0.35785154,0.625
18,0.4810763,0.66796875,0.35785154,0.625
18,0.48652762,0.62109375,0.35785154,0.625
18,0.48213488,0.6875,0.35785154,0.625
18,0.47402042,0.765625,0.35785154,0.625
18,0.4702445,0.70703125,0.35785154,0.625
18,0.47874087,0.6640625,0.35785154,0.625
18,0.47102538,0.7265625,0.35785154,0.625
18,0.4771486,0.71875,0.35785154,0.625
18,0.4777468,0.6875,0.35785154,0.625
18,0.4799699,0.7109375,0.35785154,0.625
18,0.46746936,0.73046875,0.35785154,0.625
18,0.469014,0.76171875,0.35785154,0.625
18,0.4844813,0.671875,0.35785154,0.625
18,0.47414726,0.7265625,0.35785154,0.625
18,0.47485414,0.63671875,0.35785154,0.625
18,0.47432706,0.7578125,0.35785154,0.625
18,0.47110027,0.71484375,0.35785154,0.625
18,0.4769879,0.66015625,0.35785154,0.625
18,0.46497792,0.734375,0.35785154,0.625
18,0.47682524,0.6875,0.35785154,0.625
18,0.47423586,0.73828125,0.35785154,0.625
18,0.47164828,0.796875,0.35785154,0.625
18,0.48161608,0.6875,0.35785154,0.625
18,0.47355217,0.7109375,0.35785154,0.625
18,0.48517615,0.69140625,0.35785154,0.625
18,0.47822836,0.70703125,0.35785154,0.625
18,0.48110348,0.6875,0.35785154,0.625
18,0.46928233,0.7734375,0.35785154,0.625
18,0.48033842,0.73046875,0.35785154,0.625
18,0.47081336,0.7109375,0.35785154,0.625
18,0.4813885,0.61328125,0.35785154,0.625
18,0.467455,0.7265625,0.35785154,0.625
18,0.47189373,0.70703125,0.35785154,0.625
18,0.47577384,0.69140625,0.35785154,0.625
18,0.47575182,0.734375,0.35785154,0.625
18,0.47938713,0.69140625,0.35785154,0.625
19,0.47269502,0.71484375,0.34977528,0.6328125
19,0.46078458,0.7578125,0.34977528,0.6328125
19,0.46970668,0.75,0.34977528,0.6328125
19,0.47887447,0.703125,0.34977528,0.6328125
19,0.47912472,0.7109375,0.34977528,0.6328125
19,0.46951804,0.76953125,0.34977528,0.6328125
19,0.46485534,0.7421875,0.34977528,0.6328125
19,0.46667498,0.7421875,0.34977528,0.6328125
19,0.47787824,0.640625,0.34977528,0.6328125
19,0.48432705,0.6796875,0.34977528,0.6328125
19,0.47781393,0.703125,0.34977528,0.6328125
19,0.46308318,0.77734375,0.34977528,0.6328125
19,0.47915712,0.6875,0.34977528,0.6328125
19,0.4797476,0.70703125,0.34977528,0.6328125
19,0.48402172,0.69921875,0.34977528,0.6328125
19,0.4761826,0.64453125,0.34977528,0.6328125
19,0.47825572,0.69140625,0.34977528,0.6328125
19,0.48226267,0.703125,0.34977528,0.6328125
19,0.47502857,0.7265625,0.34977528,0.6328125
19,0.49124813,0.60546875,0.34977528,0.6328125
19,0.4572944,0.796875,0.34977528,0.6328125
19,0.47427845,0.73828125,0.34977528,0.6328125
19,0.4797317,0.68359375,0.34977528,0.6328125
19,0.48643643,0.65625,0.34977528,0.6328125
19,0.47642067,0.70703125,0.34977528,0.6328125
19,0.47185278,0.73046875,0.34977528,0.6328125
19,0.47333887,0.69140625,0.34977528,0.6328125
19,0.48103836,0.66015625,0.34977528,0.6328125
19,0.4751277,0.66796875,0.34977528,0.6328125
19,0.4727375,0.73828125,0.34977528,0.6328125
19,0.48761198,0.66796875,0.34977528,0.6328125
19,0.47614053,0.703125,0.34977528,0.6328125
19,0.47716746,0.70703125,0.34977528,0.6328125
19,0.47975746,0.65625,0.34977528,0.6328125
19,0.47911564,0.68359375,0.34977528,0.6328125
19,0.48111704,0.6796875,0.34977528,0.6328125
19,0.47181702,0.71484375,0.34977528,0.6328125
19,0.47402528,0.74609375,0.34977528,0.6328125
19,0.48733535,0.6640625,0.34977528,0.6328125
19,0.47571155,0.6640625,0.34977528,0.6328125
19,0.47538328,0.7265625,0.34977528,0.6328125
19,0.46719244,0.734375,0.34977528,0.6328125
19,0.46785116,0.7265625,0.34977528,0.6328125
19,0.47804946,0.734375,0.34977528,0.6328125
19,0.47613642,0.69921875,0.34977528,0.6328125
19,0.48063302,0.640625,0.34977528,0.6328125
19,0.4812061,0.71875,0.34977528,0.6328125
19,0.4820778,0.6953125,0.34977528,0.6328125
19,0.4740572,0.75390625,0.34977528,0.6328125
19,0.48033163,0.7265625,0.34977528,0.6328125
19,0.47478136,0.7109375,0.34977528,0.6328125
19,0.4749946,0.67578125,0.34977528,0.6328125
19,0.4760501,0.703125,0.34977528,0.6328125
19,0.47509363,0.70703125,0.34977528,0.6328125
19,0.48042944,0.71484375,0.34977528,0.6328125
19,0.4718104,0.7421875,0.34977528,0.6328125
19,0.4622191,0.78125,0.34977528,0.6328125
19,0.47646528,0.67578125,0.34977528,0.6328125
19,0.469007,0.75390625,0.34977528,0.6328125
19,0.47975212,0.6640625,0.34977528,0.6328125
19,0.47191265,0.7265625,0.34977528,0.6328125
19,0.46743676,0.734375,0.34977528,0.6328125
19,0.47998363,0.69921875,0.34977528,0.6328125
19,0.46286795,0.75390625,0.34977528,0.6328125
19,0.48349994,0.63671875,0.34977528,0.6328125
19,0.48774406,0.64453125,0.34977528,0.6328125
19,0.48045248,0.6796875,0.34977528,0.6328125
19,0.47927615,0.6953125,0.34977528,0.6328125
19,0.4652521,0.7734375,0.34977528,0.6328125
19,0.48657015,0.609375,0.34977528,0.6328125
19,0.48269588,0.6640625,0.34977528,0.6328125
19,0.48183313,0.6328125,0.34977528,0.6328125
19,0.4828716,0.6640625,0.34977528,0.6328125
19,0.47666237,0.6875,0.34977528,0.6328125
19,0.474479,0.72265625,0.34977528,0.6328125
19,0.48718134,0.625,0.34977528,0.6328125
19,0.47854313,0.6875,0.34977528,0.6328125
19,0.46748257,0.73046875,0.34977528,0.6328125
19,0.46689683,0.75390625,0.34977528,0.6328125
19,0.4681794,0.7578125,0.34977528,0.6328125
19,0.4755711,0.640625,0.34977528,0.6328125
19,0.47421652,0.69921875,0.34977528,0.6328125
19,0.48101407,0.67578125,0.34977528,0.6328125
19,0.4875512,0.62890625,0.34977528,0.6328125
19,0.46982488,0.71484375,0.34977528,0.6328125
19,0.48536915,0.63671875,0.34977528,0.6328125
19,0.47445455,0.6875,0.34977528,0.6328125
19,0.4778211,0.671875,0.34977528,0.6328125
19,0.47900623,0.66015625,0.34977528,0.6328125
19,0.48104796,0.65234375,0.34977528,0.6328125
19,0.45858496,0.7734375,0.34977528,0.6328125
19,0.4849801,0.671875,0.34977528,0.6328125
19,0.4677678,0.7578125,0.34977528,0.6328125
19,0.47135705,0.69921875,0.34977528,0.6328125
19,0.48101228,0.671875,0.34977528,0.6328125
19,0.47990867,0.6640625,0.34977528,0.6328125
19,0.4759896,0.66015625,0.34977528,0.6328125
19,0.46977934,0.7578125,0.34977528,0.6328125
19,0.47644162,0.68359375,0.34977528,0.6328125
19,0.47878605,0.7109375,0.34977528,0.6328125
19,0.48629782,0.72265625,0.34977528,0.6328125
19,0.46642497,0.8203125,0.34977528,0.6328125
19,0.4687148,0.75,0.34977528,0.6328125
19,0.47695115,0.6796875,0.34977528,0.6328125
19,0.4763015,0.6953125,0.34977528,0.6328125
19,0.4774341,0.73046875,0.34977528,0.6328125
19,0.47393602,0.66015625,0.34977528,0.6328125
19,0.47736788,0.71484375,0.34977528,0.6328125
19,0.48412958,0.66015625,0.34977528,0.6328125
19,0.47525784,0.75,0.34977528,0.6328125
19,0.47708565,0.6953125,0.34977528,0.6328125
19,0.48310423,0.66796875,0.34977528,0.6328125
19,0.48048472,0.69921875,0.34977528,0.6328125
19,0.47958198,0.703125,0.34977528,0.6328125
19,0.48082164,0.62890625,0.34977528,0.6328125
19,0.4863401,0.671875,0.34977528,0.6328125
19,0.46765885,0.7265625,0.34977528,0.6328125
19,0.473816,0.703125,0.34977528,0.6328125
19,0.4662355,0.6953125,0.34977528,0.6328125
19,0.4778275,0.640625,0.34977528,0.6328125
19,0.4624043,0.765625,0.34977528,0.6328125
19,0.47288662,0.72265625,0.34977528,0.6328125
19,0.4666284,0.7109375,0.34977528,0.6328125
19,0.47728008,0.6953125,0.34977528,0.6328125
19,0.4854324,0.62109375,0.34977528,0.6328125
19,0.47297814,0.73046875,0.34977528,0.6328125
19,0.48830268,0.6328125,0.34977528,0.6328125
19,0.4709137,0.734375,0.34977528,0.6328125
19,0.47705156,0.66796875,0.34977528,0.6328125
19,0.4656058,0.74609375,0.34977528,0.6328125
19,0.4673078,0.765625,0.34977528,0.6328125
19,0.47740385,0.70703125,0.34977528,0.6328125
19,0.47131798,0.6953125,0.34977528,0.6328125
19,0.466712,0.73828125,0.34977528,0.6328125
19,0.47600535,0.7265625,0.34977528,0.6328125
19,0.48234206,0.6875,0.34977528,0.6328125
19,0.46913895,0.76171875,0.34977528,0.6328125
19,0.472702,0.73046875,0.34977528,0.6328125
19,0.47772688,0.734375,0.34977528,0.6328125
19,0.47677714,0.703125,0.34977528,0.6328125
19,0.47764164,0.64453125,0.34977528,0.6328125
19,0.48307723,0.66015625,0.34977528,0.6328125
19,0.46186087,0.71875,0.34977528,0.6328125
19,0.47328338,0.6875,0.34977528,0.6328125
19,0.4778505,0.734375,0.34977528,0.6328125
19,0.47330168,0.74609375,0.34977528,0.6328125
19,0.4720288,0.7734375,0.34977528,0.6328125
19,0.47253865,0.72265625,0.34977528,0.6328125
19,0.46431535,0.7734375,0.34977528,0.6328125
19,0.47501653,0.75390625,0.34977528,0.6328125
19,0.4679969,0.71875,0.34977528,0.6328125
19,0.46849898,0.75,0.34977528,0.6328125
19,0.47973323,0.69140625,0.34977528,0.6328125
19,0.48659202,0.66015625,0.34977528,0.6328125
19,0.47056717,0.73828125,0.34977528,0.6328125
19,0.47615963,0.7265625,0.34977528,0.6328125
19,0.47962496,0.671875,0.34977528,0.6328125
19,0.47962812,0.71875,0.34977528,0.6328125
19,0.47139636,0.68359375,0.34977528,0.6328125
19,0.4776879,0.7109375,0.34977528,0.6328125
19,0.4812889,0.703125,0.34977528,0.6328125
19,0.48282644,0.69921875,0.34977528,0.6328125
19,0.47282204,0.67578125,0.34977528,0.6328125
19,0.47584316,0.6796875,0.34977528,0.6328125
19,0.47142363,0.6875,0.34977528,0.6328125
19,0.4732952,0.7734375,0.34977528,0.6328125
19,0.46950397,0.70703125,0.34977528,0.6328125
19,0.48402867,0.6640625,0.34977528,0.6328125
19,0.48485857,0.625,0.34977528,0.6328125
19,0.4873052,0.59375,0.34977528,0.6328125
19,0.4791377,0.65625,0.34977528,0.6328125
19,0.4780508,0.65625,0.34977528,0.6328125
19,0.48340204,0.6875,0.34977528,0.6328125
19,0.4695297,0.7578125,0.34977528,0.6328125
19,0.46977356,0.7421875,0.34977528,0.6328125
19,0.48122904,0.703125,0.34977528,0.6328125
19,0.4711015,0.75390625,0.34977528,0.6328125
19,0.48631606,0.6484375,0.34977528,0.6328125
19,0.4755958,0.6875,0.34977528,0.6328125
19,0.470938,0.74609375,0.34977528,0.6328125
19,0.47624874,0.7421875,0.34977528,0.6328125
19,0.475489,0.69140625,0.34977528,0.6328125
19,0.47519928,0.6796875,0.34977528,0.6328125
19,0.47458443,0.70703125,0.34977528,0.6328125
19,0.47713083,0.72265625,0.34977528,0.6328125
19,0.47820574,0.71875,0.34977528,0.6328125
19,0.47547933,0.67578125,0.34977528,0.6328125
19,0.46464896,0.74609375,0.34977528,0.6328125
19,0.47226506,0.68359375,0.34977528,0.6328125
19,0.46448776,0.765625,0.34977528,0.6328125
19,0.46944728,0.6875,0.34977528,0.6328125
19,0.47106093,0.73046875,0.34977528,0.6328125
19,0.46888256,0.734375,0.34977528,0.6328125
19,0.47385672,0.75390625,0.34977528,0.6328125
19,0.48009315,0.66796875,0.34977528,0.6328125
19,0.4616851,0.80078125,0.34977528,0.6328125
19,0.4750696,0.7265625,0.34977528,0.6328125
19,0.48181206,0.66015625,0.34977528,0.6328125
19,0.48347893,0.67578125,0.34977528,0.6328125
19,0.47953987,0.66015625,0.34977528,0.6328125
19,0.4679815,0.73828125,0.34977528,0.6328125
19,0.46845195,0.7578125,0.34977528,0.6328125
19,0.47352228,0.7265625,0.34977528,0.6328125
19,0.46946996,0.78125,0.34977528,0.6328125
19,0.48545912,0.64453125,0.34977528,0.6328125
19,0.48099294,0.68359375,0.34977528,0.6328125
19,0.46577188,0.74609375,0.34977528,0.6328125
19,0.46281728,0.76171875,0.34977528,0.6328125
19,0.47662038,0.71484375,0.34977528,0.6328125
19,0.48020166,0.703125,0.34977528,0.6328125
19,0.47888178,0.671875,0.34977528,0.6328125
19,0.48527136,0.69921875,0.34977528,0.6328125
19,0.47153404,0.69921875,0.34977528,0.6328125
19,0.4714788,0.74609375,0.34977528,0.6328125
19,0.4769266,0.6796875,0.34977528,0.6328125
19,0.4776916,0.6875,0.34977528,0.6328125
19,0.46406966,0.74609375,0.34977528,0.6328125
19,0.48579985,0.6484375,0.34977528,0.6328125
19,0.47880572,0.6640625,0.34977528,0.6328125
19,0.46686894,0.76953125,0.34977528,0.6328125
19,0.47055268,0.71875,0.34977528,0.6328125
19,0.46551436,0.796875,0.34977528,0.6328125
19,0.48135996,0.63671875,0.34977528,0.6328125
19,0.48013,0.70703125,0.34977528,0.6328125
19,0.48650613,0.62890625,0.34977528,0.6328125
19,0.48244673,0.68359375,0.34977528,0.6328125
19,0.4748077,0.6953125,0.34977528,0.6328125
19,0.47279283,0.6796875,0.34977528,0.6328125
19,0.4808268,0.6875,0.34977528,0.6328125
19,0.48792624,0.66015625,0.34977528,0.6328125
19,0.4838371,0.62890625,0.34977528,0.6328125
19,0.4829925,0.6953125,0.34977528,0.6328125
19,0.46396902,0.765625,0.34977528,0.6328125
19,0.46816704,0.74609375,0.34977528,0.6328125
19,0.4701651,0.7578125,0.34977528,0.6328125
19,0.47632793,0.71484375,0.34977528,0.6328125
19,0.46573874,0.76953125,0.34977528,0.6328125
19,0.48545578,0.6953125,0.34977528,0.6328125
19,0.47313944,0.74609375,0.34977528,0.6328125
19,0.47365052,0.71875,0.34977528,0.6328125
19,0.48242563,0.67578125,0.34977528,0.6328125
19,0.47636443,0.71875,0.34977528,0.6328125
19,0.48203653,0.65625,0.34977528,0.6328125
19,0.4775826,0.671875,0.34977528,0.6328125
19,0.48575434,0.64453125,0.34977528,0.6328125
19,0.46701056,0.71875,0.34977528,0.6328125
19,0.4748866,0.66796875,0.34977528,0.6328125
19,0.4754517,0.71875,0.34977528,0.6328125
19,0.48324972,0.59765625,0.34977528,0.6328125
